<?xml version="1.0" encoding="UTF-8"?>
<gpx version="1.1" creator="B4C two-house fence test" xmlns="http://www.topografix.com/GPX/1/1">
  <wpt lat="32.4199972" lon="-97.8286369"><time>2026-01-01T09:00:00Z</time></wpt>
  <wpt lat="32.4199972" lon="-97.8286369"><time>2026-01-01T09:00:01Z</time></wpt>
  <wpt lat="32.4199972" lon="-97.8286369"><time>2026-01-01T09:00:02Z</time></wpt>
  <wpt lat="32.4199972" lon="-97.8286369"><time>2026-01-01T09:00:03Z</time></wpt>
  <wpt lat="32.4199972" lon="-97.8286369"><time>2026-01-01T09:00:04Z</time></wpt>
  <wpt lat="32.4199972" lon="-97.8286369"><time>2026-01-01T09:00:05Z</time></wpt>
  <wpt lat="32.4199972" lon="-97.8286369"><time>2026-01-01T09:00:06Z</time></wpt>
  <wpt lat="32.4199972" lon="-97.8286369"><time>2026-01-01T09:00:07Z</time></wpt>
  <wpt lat="32.4199972" lon="-97.8286369"><time>2026-01-01T09:00:08Z</time></wpt>
  <wpt lat="32.4199972" lon="-97.8286369"><time>2026-01-01T09:00:09Z</time></wpt>
  <wpt lat="32.4199972" lon="-97.8286369"><time>2026-01-01T09:00:10Z</time></wpt>
  <wpt lat="32.4199972" lon="-97.8286369"><time>2026-01-01T09:00:11Z</time></wpt>
  <wpt lat="32.4199972" lon="-97.8286369"><time>2026-01-01T09:00:12Z</time></wpt>
  <wpt lat="32.4199972" lon="-97.8286369"><time>2026-01-01T09:00:13Z</time></wpt>
  <wpt lat="32.4199972" lon="-97.8286369"><time>2026-01-01T09:00:14Z</time></wpt>
  <wpt lat="32.4199972" lon="-97.8286369"><time>2026-01-01T09:00:15Z</time></wpt>
  <wpt lat="32.4199972" lon="-97.8286369"><time>2026-01-01T09:00:16Z</time></wpt>
  <wpt lat="32.4199972" lon="-97.8286369"><time>2026-01-01T09:00:17Z</time></wpt>
  <wpt lat="32.4199972" lon="-97.8286369"><time>2026-01-01T09:00:18Z</time></wpt>
  <wpt lat="32.4199972" lon="-97.8286369"><time>2026-01-01T09:00:19Z</time></wpt>
  <wpt lat="32.4201618" lon="-97.8284418"><time>2026-01-01T09:00:20Z</time></wpt>
  <wpt lat="32.4203265" lon="-97.8282466"><time>2026-01-01T09:00:21Z</time></wpt>
  <wpt lat="32.4204912" lon="-97.8280515"><time>2026-01-01T09:00:22Z</time></wpt>
  <wpt lat="32.4206559" lon="-97.8278564"><time>2026-01-01T09:00:23Z</time></wpt>
  <wpt lat="32.4208206" lon="-97.8276612"><time>2026-01-01T09:00:24Z</time></wpt>
  <wpt lat="32.4209853" lon="-97.8274661"><time>2026-01-01T09:00:25Z</time></wpt>
  <wpt lat="32.4211500" lon="-97.8272709"><time>2026-01-01T09:00:26Z</time></wpt>
  <wpt lat="32.4213147" lon="-97.8270758"><time>2026-01-01T09:00:27Z</time></wpt>
  <wpt lat="32.4214794" lon="-97.8268806"><time>2026-01-01T09:00:28Z</time></wpt>
  <wpt lat="32.4216441" lon="-97.8266855"><time>2026-01-01T09:00:29Z</time></wpt>
  <wpt lat="32.4218087" lon="-97.8264904"><time>2026-01-01T09:00:30Z</time></wpt>
  <wpt lat="32.4219734" lon="-97.8262952"><time>2026-01-01T09:00:31Z</time></wpt>
  <wpt lat="32.4221381" lon="-97.8261001"><time>2026-01-01T09:00:32Z</time></wpt>
  <wpt lat="32.4223028" lon="-97.8259049"><time>2026-01-01T09:00:33Z</time></wpt>
  <wpt lat="32.4224675" lon="-97.8257098"><time>2026-01-01T09:00:34Z</time></wpt>
  <wpt lat="32.4226322" lon="-97.8255147"><time>2026-01-01T09:00:35Z</time></wpt>
  <wpt lat="32.4227969" lon="-97.8253195"><time>2026-01-01T09:00:36Z</time></wpt>
  <wpt lat="32.4229616" lon="-97.8251244"><time>2026-01-01T09:00:37Z</time></wpt>
  <wpt lat="32.4231263" lon="-97.8249292"><time>2026-01-01T09:00:38Z</time></wpt>
  <wpt lat="32.4232910" lon="-97.8247341"><time>2026-01-01T09:00:39Z</time></wpt>
  <wpt lat="32.4234557" lon="-97.8245390"><time>2026-01-01T09:00:40Z</time></wpt>
  <wpt lat="32.4236203" lon="-97.8243438"><time>2026-01-01T09:00:41Z</time></wpt>
  <wpt lat="32.4237850" lon="-97.8241487"><time>2026-01-01T09:00:42Z</time></wpt>
  <wpt lat="32.4239497" lon="-97.8239535"><time>2026-01-01T09:00:43Z</time></wpt>
  <wpt lat="32.4241144" lon="-97.8237584"><time>2026-01-01T09:00:44Z</time></wpt>
  <wpt lat="32.4242791" lon="-97.8235633"><time>2026-01-01T09:00:45Z</time></wpt>
  <wpt lat="32.4244438" lon="-97.8233681"><time>2026-01-01T09:00:46Z</time></wpt>
  <wpt lat="32.4246085" lon="-97.8231730"><time>2026-01-01T09:00:47Z</time></wpt>
  <wpt lat="32.4247732" lon="-97.8229778"><time>2026-01-01T09:00:48Z</time></wpt>
  <wpt lat="32.4249379" lon="-97.8227827"><time>2026-01-01T09:00:49Z</time></wpt>
  <wpt lat="32.4251026" lon="-97.8225875"><time>2026-01-01T09:00:50Z</time></wpt>
  <wpt lat="32.4252672" lon="-97.8223924"><time>2026-01-01T09:00:51Z</time></wpt>
  <wpt lat="32.4254319" lon="-97.8221973"><time>2026-01-01T09:00:52Z</time></wpt>
  <wpt lat="32.4255966" lon="-97.8220021"><time>2026-01-01T09:00:53Z</time></wpt>
  <wpt lat="32.4257613" lon="-97.8218070"><time>2026-01-01T09:00:54Z</time></wpt>
  <wpt lat="32.4259260" lon="-97.8216118"><time>2026-01-01T09:00:55Z</time></wpt>
  <wpt lat="32.4260907" lon="-97.8214167"><time>2026-01-01T09:00:56Z</time></wpt>
  <wpt lat="32.4262554" lon="-97.8212216"><time>2026-01-01T09:00:57Z</time></wpt>
  <wpt lat="32.4264201" lon="-97.8210264"><time>2026-01-01T09:00:58Z</time></wpt>
  <wpt lat="32.4265848" lon="-97.8208313"><time>2026-01-01T09:00:59Z</time></wpt>
  <wpt lat="32.4267495" lon="-97.8206361"><time>2026-01-01T09:01:00Z</time></wpt>
  <wpt lat="32.4269142" lon="-97.8204410"><time>2026-01-01T09:01:01Z</time></wpt>
  <wpt lat="32.4270788" lon="-97.8202459"><time>2026-01-01T09:01:02Z</time></wpt>
  <wpt lat="32.4272435" lon="-97.8200507"><time>2026-01-01T09:01:03Z</time></wpt>
  <wpt lat="32.4274082" lon="-97.8198556"><time>2026-01-01T09:01:04Z</time></wpt>
  <wpt lat="32.4275729" lon="-97.8196604"><time>2026-01-01T09:01:05Z</time></wpt>
  <wpt lat="32.4277376" lon="-97.8194653"><time>2026-01-01T09:01:06Z</time></wpt>
  <wpt lat="32.4279023" lon="-97.8192702"><time>2026-01-01T09:01:07Z</time></wpt>
  <wpt lat="32.4280670" lon="-97.8190750"><time>2026-01-01T09:01:08Z</time></wpt>
  <wpt lat="32.4282317" lon="-97.8188799"><time>2026-01-01T09:01:09Z</time></wpt>
  <wpt lat="32.4283964" lon="-97.8186847"><time>2026-01-01T09:01:10Z</time></wpt>
  <wpt lat="32.4285611" lon="-97.8184896"><time>2026-01-01T09:01:11Z</time></wpt>
  <wpt lat="32.4287257" lon="-97.8182944"><time>2026-01-01T09:01:12Z</time></wpt>
  <wpt lat="32.4288904" lon="-97.8180993"><time>2026-01-01T09:01:13Z</time></wpt>
  <wpt lat="32.4290551" lon="-97.8179042"><time>2026-01-01T09:01:14Z</time></wpt>
  <wpt lat="32.4292198" lon="-97.8177090"><time>2026-01-01T09:01:15Z</time></wpt>
  <wpt lat="32.4293845" lon="-97.8175139"><time>2026-01-01T09:01:16Z</time></wpt>
  <wpt lat="32.4295492" lon="-97.8173187"><time>2026-01-01T09:01:17Z</time></wpt>
  <wpt lat="32.4297139" lon="-97.8171236"><time>2026-01-01T09:01:18Z</time></wpt>
  <wpt lat="32.4298786" lon="-97.8169285"><time>2026-01-01T09:01:19Z</time></wpt>
  <wpt lat="32.4300433" lon="-97.8167333"><time>2026-01-01T09:01:20Z</time></wpt>
  <wpt lat="32.4302080" lon="-97.8165382"><time>2026-01-01T09:01:21Z</time></wpt>
  <wpt lat="32.4303726" lon="-97.8163430"><time>2026-01-01T09:01:22Z</time></wpt>
  <wpt lat="32.4305373" lon="-97.8161479"><time>2026-01-01T09:01:23Z</time></wpt>
  <wpt lat="32.4307020" lon="-97.8159528"><time>2026-01-01T09:01:24Z</time></wpt>
  <wpt lat="32.4308667" lon="-97.8157576"><time>2026-01-01T09:01:25Z</time></wpt>
  <wpt lat="32.4310314" lon="-97.8155625"><time>2026-01-01T09:01:26Z</time></wpt>
  <wpt lat="32.4311961" lon="-97.8153673"><time>2026-01-01T09:01:27Z</time></wpt>
  <wpt lat="32.4313608" lon="-97.8151722"><time>2026-01-01T09:01:28Z</time></wpt>
  <wpt lat="32.4315255" lon="-97.8149770"><time>2026-01-01T09:01:29Z</time></wpt>
  <wpt lat="32.4316902" lon="-97.8147819"><time>2026-01-01T09:01:30Z</time></wpt>
  <wpt lat="32.4318549" lon="-97.8145868"><time>2026-01-01T09:01:31Z</time></wpt>
  <wpt lat="32.4320196" lon="-97.8143916"><time>2026-01-01T09:01:32Z</time></wpt>
  <wpt lat="32.4321842" lon="-97.8141965"><time>2026-01-01T09:01:33Z</time></wpt>
  <wpt lat="32.4323489" lon="-97.8140013"><time>2026-01-01T09:01:34Z</time></wpt>
  <wpt lat="32.4325136" lon="-97.8138062"><time>2026-01-01T09:01:35Z</time></wpt>
  <wpt lat="32.4326783" lon="-97.8136111"><time>2026-01-01T09:01:36Z</time></wpt>
  <wpt lat="32.4328430" lon="-97.8134159"><time>2026-01-01T09:01:37Z</time></wpt>
  <wpt lat="32.4330077" lon="-97.8132208"><time>2026-01-01T09:01:38Z</time></wpt>
  <wpt lat="32.4331724" lon="-97.8130256"><time>2026-01-01T09:01:39Z</time></wpt>
  <wpt lat="32.4333371" lon="-97.8128305"><time>2026-01-01T09:01:40Z</time></wpt>
  <wpt lat="32.4335018" lon="-97.8126354"><time>2026-01-01T09:01:41Z</time></wpt>
  <wpt lat="32.4336665" lon="-97.8124402"><time>2026-01-01T09:01:42Z</time></wpt>
  <wpt lat="32.4338311" lon="-97.8122451"><time>2026-01-01T09:01:43Z</time></wpt>
  <wpt lat="32.4339958" lon="-97.8120499"><time>2026-01-01T09:01:44Z</time></wpt>
  <wpt lat="32.4341605" lon="-97.8118548"><time>2026-01-01T09:01:45Z</time></wpt>
  <wpt lat="32.4343252" lon="-97.8116597"><time>2026-01-01T09:01:46Z</time></wpt>
  <wpt lat="32.4344899" lon="-97.8114645"><time>2026-01-01T09:01:47Z</time></wpt>
  <wpt lat="32.4346546" lon="-97.8112694"><time>2026-01-01T09:01:48Z</time></wpt>
  <wpt lat="32.4348193" lon="-97.8110742"><time>2026-01-01T09:01:49Z</time></wpt>
  <wpt lat="32.4349840" lon="-97.8108791"><time>2026-01-01T09:01:50Z</time></wpt>
  <wpt lat="32.4351487" lon="-97.8106839"><time>2026-01-01T09:01:51Z</time></wpt>
  <wpt lat="32.4353134" lon="-97.8104888"><time>2026-01-01T09:01:52Z</time></wpt>
  <wpt lat="32.4354781" lon="-97.8102937"><time>2026-01-01T09:01:53Z</time></wpt>
  <wpt lat="32.4356427" lon="-97.8100985"><time>2026-01-01T09:01:54Z</time></wpt>
  <wpt lat="32.4358074" lon="-97.8099034"><time>2026-01-01T09:01:55Z</time></wpt>
  <wpt lat="32.4359721" lon="-97.8097082"><time>2026-01-01T09:01:56Z</time></wpt>
  <wpt lat="32.4361368" lon="-97.8095131"><time>2026-01-01T09:01:57Z</time></wpt>
  <wpt lat="32.4363015" lon="-97.8093180"><time>2026-01-01T09:01:58Z</time></wpt>
  <wpt lat="32.4364662" lon="-97.8091228"><time>2026-01-01T09:01:59Z</time></wpt>
  <wpt lat="32.4366309" lon="-97.8089277"><time>2026-01-01T09:02:00Z</time></wpt>
  <wpt lat="32.4367956" lon="-97.8087325"><time>2026-01-01T09:02:01Z</time></wpt>
  <wpt lat="32.4369603" lon="-97.8085374"><time>2026-01-01T09:02:02Z</time></wpt>
  <wpt lat="32.4371250" lon="-97.8083423"><time>2026-01-01T09:02:03Z</time></wpt>
  <wpt lat="32.4372896" lon="-97.8081471"><time>2026-01-01T09:02:04Z</time></wpt>
  <wpt lat="32.4374543" lon="-97.8079520"><time>2026-01-01T09:02:05Z</time></wpt>
  <wpt lat="32.4376190" lon="-97.8077568"><time>2026-01-01T09:02:06Z</time></wpt>
  <wpt lat="32.4377837" lon="-97.8075617"><time>2026-01-01T09:02:07Z</time></wpt>
  <wpt lat="32.4379484" lon="-97.8073666"><time>2026-01-01T09:02:08Z</time></wpt>
  <wpt lat="32.4381131" lon="-97.8071714"><time>2026-01-01T09:02:09Z</time></wpt>
  <wpt lat="32.4382778" lon="-97.8069763"><time>2026-01-01T09:02:10Z</time></wpt>
  <wpt lat="32.4384425" lon="-97.8067811"><time>2026-01-01T09:02:11Z</time></wpt>
  <wpt lat="32.4386072" lon="-97.8065860"><time>2026-01-01T09:02:12Z</time></wpt>
  <wpt lat="32.4387719" lon="-97.8063908"><time>2026-01-01T09:02:13Z</time></wpt>
  <wpt lat="32.4389365" lon="-97.8061957"><time>2026-01-01T09:02:14Z</time></wpt>
  <wpt lat="32.4391012" lon="-97.8060006"><time>2026-01-01T09:02:15Z</time></wpt>
  <wpt lat="32.4392659" lon="-97.8058054"><time>2026-01-01T09:02:16Z</time></wpt>
  <wpt lat="32.4394306" lon="-97.8056103"><time>2026-01-01T09:02:17Z</time></wpt>
  <wpt lat="32.4395953" lon="-97.8054151"><time>2026-01-01T09:02:18Z</time></wpt>
  <wpt lat="32.4397600" lon="-97.8052200"><time>2026-01-01T09:02:19Z</time></wpt>
  <wpt lat="32.4397600" lon="-97.8052200"><time>2026-01-01T09:02:20Z</time></wpt>
  <wpt lat="32.4397600" lon="-97.8052200"><time>2026-01-01T09:02:21Z</time></wpt>
  <wpt lat="32.4397600" lon="-97.8052200"><time>2026-01-01T09:02:22Z</time></wpt>
  <wpt lat="32.4397600" lon="-97.8052200"><time>2026-01-01T09:02:23Z</time></wpt>
  <wpt lat="32.4397600" lon="-97.8052200"><time>2026-01-01T09:02:24Z</time></wpt>
  <wpt lat="32.4397600" lon="-97.8052200"><time>2026-01-01T09:02:25Z</time></wpt>
  <wpt lat="32.4397600" lon="-97.8052200"><time>2026-01-01T09:02:26Z</time></wpt>
  <wpt lat="32.4397600" lon="-97.8052200"><time>2026-01-01T09:02:27Z</time></wpt>
  <wpt lat="32.4397600" lon="-97.8052200"><time>2026-01-01T09:02:28Z</time></wpt>
  <wpt lat="32.4397600" lon="-97.8052200"><time>2026-01-01T09:02:29Z</time></wpt>
  <wpt lat="32.4397600" lon="-97.8052200"><time>2026-01-01T09:02:30Z</time></wpt>
  <wpt lat="32.4397600" lon="-97.8052200"><time>2026-01-01T09:02:31Z</time></wpt>
  <wpt lat="32.4397600" lon="-97.8052200"><time>2026-01-01T09:02:32Z</time></wpt>
  <wpt lat="32.4397600" lon="-97.8052200"><time>2026-01-01T09:02:33Z</time></wpt>
  <wpt lat="32.4397600" lon="-97.8052200"><time>2026-01-01T09:02:34Z</time></wpt>
  <wpt lat="32.4397600" lon="-97.8052200"><time>2026-01-01T09:02:35Z</time></wpt>
  <wpt lat="32.4397600" lon="-97.8052200"><time>2026-01-01T09:02:36Z</time></wpt>
  <wpt lat="32.4397600" lon="-97.8052200"><time>2026-01-01T09:02:37Z</time></wpt>
  <wpt lat="32.4397600" lon="-97.8052200"><time>2026-01-01T09:02:38Z</time></wpt>
  <wpt lat="32.4397600" lon="-97.8052200"><time>2026-01-01T09:02:39Z</time></wpt>
  <wpt lat="32.4397600" lon="-97.8052200"><time>2026-01-01T09:02:40Z</time></wpt>
  <wpt lat="32.4397600" lon="-97.8052200"><time>2026-01-01T09:02:41Z</time></wpt>
  <wpt lat="32.4397600" lon="-97.8052200"><time>2026-01-01T09:02:42Z</time></wpt>
  <wpt lat="32.4397600" lon="-97.8052200"><time>2026-01-01T09:02:43Z</time></wpt>
  <wpt lat="32.4397600" lon="-97.8052200"><time>2026-01-01T09:02:44Z</time></wpt>
  <wpt lat="32.4397600" lon="-97.8052200"><time>2026-01-01T09:02:45Z</time></wpt>
  <wpt lat="32.4397600" lon="-97.8052200"><time>2026-01-01T09:02:46Z</time></wpt>
  <wpt lat="32.4397600" lon="-97.8052200"><time>2026-01-01T09:02:47Z</time></wpt>
  <wpt lat="32.4397600" lon="-97.8052200"><time>2026-01-01T09:02:48Z</time></wpt>
  <wpt lat="32.4397600" lon="-97.8052200"><time>2026-01-01T09:02:49Z</time></wpt>
  <wpt lat="32.4397600" lon="-97.8052200"><time>2026-01-01T09:02:50Z</time></wpt>
  <wpt lat="32.4397600" lon="-97.8052200"><time>2026-01-01T09:02:51Z</time></wpt>
  <wpt lat="32.4397600" lon="-97.8052200"><time>2026-01-01T09:02:52Z</time></wpt>
  <wpt lat="32.4397600" lon="-97.8052200"><time>2026-01-01T09:02:53Z</time></wpt>
  <wpt lat="32.4397600" lon="-97.8052200"><time>2026-01-01T09:02:54Z</time></wpt>
  <wpt lat="32.4397600" lon="-97.8052200"><time>2026-01-01T09:02:55Z</time></wpt>
  <wpt lat="32.4397600" lon="-97.8052200"><time>2026-01-01T09:02:56Z</time></wpt>
  <wpt lat="32.4397600" lon="-97.8052200"><time>2026-01-01T09:02:57Z</time></wpt>
  <wpt lat="32.4397600" lon="-97.8052200"><time>2026-01-01T09:02:58Z</time></wpt>
  <wpt lat="32.4397600" lon="-97.8052200"><time>2026-01-01T09:02:59Z</time></wpt>
  <wpt lat="32.4397600" lon="-97.8052200"><time>2026-01-01T09:03:00Z</time></wpt>
  <wpt lat="32.4397600" lon="-97.8052200"><time>2026-01-01T09:03:01Z</time></wpt>
  <wpt lat="32.4397600" lon="-97.8052200"><time>2026-01-01T09:03:02Z</time></wpt>
  <wpt lat="32.4397600" lon="-97.8052200"><time>2026-01-01T09:03:03Z</time></wpt>
  <wpt lat="32.4397600" lon="-97.8052200"><time>2026-01-01T09:03:04Z</time></wpt>
  <wpt lat="32.4397600" lon="-97.8052200"><time>2026-01-01T09:03:05Z</time></wpt>
  <wpt lat="32.4397600" lon="-97.8052200"><time>2026-01-01T09:03:06Z</time></wpt>
  <wpt lat="32.4397600" lon="-97.8052200"><time>2026-01-01T09:03:07Z</time></wpt>
  <wpt lat="32.4397600" lon="-97.8052200"><time>2026-01-01T09:03:08Z</time></wpt>
  <wpt lat="32.4397600" lon="-97.8052200"><time>2026-01-01T09:03:09Z</time></wpt>
  <wpt lat="32.4397600" lon="-97.8052200"><time>2026-01-01T09:03:10Z</time></wpt>
  <wpt lat="32.4397600" lon="-97.8052200"><time>2026-01-01T09:03:11Z</time></wpt>
  <wpt lat="32.4397600" lon="-97.8052200"><time>2026-01-01T09:03:12Z</time></wpt>
  <wpt lat="32.4397600" lon="-97.8052200"><time>2026-01-01T09:03:13Z</time></wpt>
  <wpt lat="32.4397600" lon="-97.8052200"><time>2026-01-01T09:03:14Z</time></wpt>
  <wpt lat="32.4397600" lon="-97.8052200"><time>2026-01-01T09:03:15Z</time></wpt>
  <wpt lat="32.4397600" lon="-97.8052200"><time>2026-01-01T09:03:16Z</time></wpt>
  <wpt lat="32.4397600" lon="-97.8052200"><time>2026-01-01T09:03:17Z</time></wpt>
  <wpt lat="32.4397600" lon="-97.8052200"><time>2026-01-01T09:03:18Z</time></wpt>
  <wpt lat="32.4397600" lon="-97.8052200"><time>2026-01-01T09:03:19Z</time></wpt>
  <wpt lat="32.4397600" lon="-97.8052200"><time>2026-01-01T09:03:20Z</time></wpt>
  <wpt lat="32.4397600" lon="-97.8052200"><time>2026-01-01T09:03:21Z</time></wpt>
  <wpt lat="32.4397600" lon="-97.8052200"><time>2026-01-01T09:03:22Z</time></wpt>
  <wpt lat="32.4397600" lon="-97.8052200"><time>2026-01-01T09:03:23Z</time></wpt>
  <wpt lat="32.4397600" lon="-97.8052200"><time>2026-01-01T09:03:24Z</time></wpt>
  <wpt lat="32.4397600" lon="-97.8052200"><time>2026-01-01T09:03:25Z</time></wpt>
  <wpt lat="32.4397600" lon="-97.8052200"><time>2026-01-01T09:03:26Z</time></wpt>
  <wpt lat="32.4397600" lon="-97.8052200"><time>2026-01-01T09:03:27Z</time></wpt>
  <wpt lat="32.4397600" lon="-97.8052200"><time>2026-01-01T09:03:28Z</time></wpt>
  <wpt lat="32.4397600" lon="-97.8052200"><time>2026-01-01T09:03:29Z</time></wpt>
  <wpt lat="32.4397600" lon="-97.8052200"><time>2026-01-01T09:03:30Z</time></wpt>
  <wpt lat="32.4397600" lon="-97.8052200"><time>2026-01-01T09:03:31Z</time></wpt>
  <wpt lat="32.4397600" lon="-97.8052200"><time>2026-01-01T09:03:32Z</time></wpt>
  <wpt lat="32.4397600" lon="-97.8052200"><time>2026-01-01T09:03:33Z</time></wpt>
  <wpt lat="32.4397600" lon="-97.8052200"><time>2026-01-01T09:03:34Z</time></wpt>
  <wpt lat="32.4397600" lon="-97.8052200"><time>2026-01-01T09:03:35Z</time></wpt>
  <wpt lat="32.4397600" lon="-97.8052200"><time>2026-01-01T09:03:36Z</time></wpt>
  <wpt lat="32.4397600" lon="-97.8052200"><time>2026-01-01T09:03:37Z</time></wpt>
  <wpt lat="32.4397600" lon="-97.8052200"><time>2026-01-01T09:03:38Z</time></wpt>
  <wpt lat="32.4397600" lon="-97.8052200"><time>2026-01-01T09:03:39Z</time></wpt>
  <wpt lat="32.4397600" lon="-97.8052200"><time>2026-01-01T09:03:40Z</time></wpt>
  <wpt lat="32.4397600" lon="-97.8052200"><time>2026-01-01T09:03:41Z</time></wpt>
  <wpt lat="32.4397600" lon="-97.8052200"><time>2026-01-01T09:03:42Z</time></wpt>
  <wpt lat="32.4397600" lon="-97.8052200"><time>2026-01-01T09:03:43Z</time></wpt>
  <wpt lat="32.4397600" lon="-97.8052200"><time>2026-01-01T09:03:44Z</time></wpt>
  <wpt lat="32.4397600" lon="-97.8052200"><time>2026-01-01T09:03:45Z</time></wpt>
  <wpt lat="32.4397600" lon="-97.8052200"><time>2026-01-01T09:03:46Z</time></wpt>
  <wpt lat="32.4397600" lon="-97.8052200"><time>2026-01-01T09:03:47Z</time></wpt>
  <wpt lat="32.4397600" lon="-97.8052200"><time>2026-01-01T09:03:48Z</time></wpt>
  <wpt lat="32.4397600" lon="-97.8052200"><time>2026-01-01T09:03:49Z</time></wpt>
  <wpt lat="32.4397600" lon="-97.8052200"><time>2026-01-01T09:03:50Z</time></wpt>
  <wpt lat="32.4397600" lon="-97.8052200"><time>2026-01-01T09:03:51Z</time></wpt>
  <wpt lat="32.4397600" lon="-97.8052200"><time>2026-01-01T09:03:52Z</time></wpt>
  <wpt lat="32.4397600" lon="-97.8052200"><time>2026-01-01T09:03:53Z</time></wpt>
  <wpt lat="32.4397600" lon="-97.8052200"><time>2026-01-01T09:03:54Z</time></wpt>
  <wpt lat="32.4397600" lon="-97.8052200"><time>2026-01-01T09:03:55Z</time></wpt>
  <wpt lat="32.4397600" lon="-97.8052200"><time>2026-01-01T09:03:56Z</time></wpt>
  <wpt lat="32.4397600" lon="-97.8052200"><time>2026-01-01T09:03:57Z</time></wpt>
  <wpt lat="32.4397600" lon="-97.8052200"><time>2026-01-01T09:03:58Z</time></wpt>
  <wpt lat="32.4397600" lon="-97.8052200"><time>2026-01-01T09:03:59Z</time></wpt>
  <wpt lat="32.4397600" lon="-97.8052200"><time>2026-01-01T09:04:00Z</time></wpt>
  <wpt lat="32.4397600" lon="-97.8052200"><time>2026-01-01T09:04:01Z</time></wpt>
  <wpt lat="32.4397600" lon="-97.8052200"><time>2026-01-01T09:04:02Z</time></wpt>
  <wpt lat="32.4397600" lon="-97.8052200"><time>2026-01-01T09:04:03Z</time></wpt>
  <wpt lat="32.4397600" lon="-97.8052200"><time>2026-01-01T09:04:04Z</time></wpt>
  <wpt lat="32.4397600" lon="-97.8052200"><time>2026-01-01T09:04:05Z</time></wpt>
  <wpt lat="32.4397600" lon="-97.8052200"><time>2026-01-01T09:04:06Z</time></wpt>
  <wpt lat="32.4397600" lon="-97.8052200"><time>2026-01-01T09:04:07Z</time></wpt>
  <wpt lat="32.4397600" lon="-97.8052200"><time>2026-01-01T09:04:08Z</time></wpt>
  <wpt lat="32.4397600" lon="-97.8052200"><time>2026-01-01T09:04:09Z</time></wpt>
  <wpt lat="32.4397600" lon="-97.8052200"><time>2026-01-01T09:04:10Z</time></wpt>
  <wpt lat="32.4397600" lon="-97.8052200"><time>2026-01-01T09:04:11Z</time></wpt>
  <wpt lat="32.4397600" lon="-97.8052200"><time>2026-01-01T09:04:12Z</time></wpt>
  <wpt lat="32.4397600" lon="-97.8052200"><time>2026-01-01T09:04:13Z</time></wpt>
  <wpt lat="32.4397600" lon="-97.8052200"><time>2026-01-01T09:04:14Z</time></wpt>
  <wpt lat="32.4397600" lon="-97.8052200"><time>2026-01-01T09:04:15Z</time></wpt>
  <wpt lat="32.4397600" lon="-97.8052200"><time>2026-01-01T09:04:16Z</time></wpt>
  <wpt lat="32.4397600" lon="-97.8052200"><time>2026-01-01T09:04:17Z</time></wpt>
  <wpt lat="32.4397600" lon="-97.8052200"><time>2026-01-01T09:04:18Z</time></wpt>
  <wpt lat="32.4397600" lon="-97.8052200"><time>2026-01-01T09:04:19Z</time></wpt>
  <wpt lat="32.4397600" lon="-97.8052200"><time>2026-01-01T09:04:20Z</time></wpt>
  <wpt lat="32.4397600" lon="-97.8052200"><time>2026-01-01T09:04:21Z</time></wpt>
  <wpt lat="32.4397600" lon="-97.8052200"><time>2026-01-01T09:04:22Z</time></wpt>
  <wpt lat="32.4397600" lon="-97.8052200"><time>2026-01-01T09:04:23Z</time></wpt>
  <wpt lat="32.4397600" lon="-97.8052200"><time>2026-01-01T09:04:24Z</time></wpt>
  <wpt lat="32.4397600" lon="-97.8052200"><time>2026-01-01T09:04:25Z</time></wpt>
  <wpt lat="32.4397600" lon="-97.8052200"><time>2026-01-01T09:04:26Z</time></wpt>
  <wpt lat="32.4397600" lon="-97.8052200"><time>2026-01-01T09:04:27Z</time></wpt>
  <wpt lat="32.4397600" lon="-97.8052200"><time>2026-01-01T09:04:28Z</time></wpt>
  <wpt lat="32.4397600" lon="-97.8052200"><time>2026-01-01T09:04:29Z</time></wpt>
  <wpt lat="32.4397600" lon="-97.8052200"><time>2026-01-01T09:04:30Z</time></wpt>
  <wpt lat="32.4397600" lon="-97.8052200"><time>2026-01-01T09:04:31Z</time></wpt>
  <wpt lat="32.4397600" lon="-97.8052200"><time>2026-01-01T09:04:32Z</time></wpt>
  <wpt lat="32.4397600" lon="-97.8052200"><time>2026-01-01T09:04:33Z</time></wpt>
  <wpt lat="32.4397600" lon="-97.8052200"><time>2026-01-01T09:04:34Z</time></wpt>
  <wpt lat="32.4397600" lon="-97.8052200"><time>2026-01-01T09:04:35Z</time></wpt>
  <wpt lat="32.4397600" lon="-97.8052200"><time>2026-01-01T09:04:36Z</time></wpt>
  <wpt lat="32.4397600" lon="-97.8052200"><time>2026-01-01T09:04:37Z</time></wpt>
  <wpt lat="32.4397600" lon="-97.8052200"><time>2026-01-01T09:04:38Z</time></wpt>
  <wpt lat="32.4397600" lon="-97.8052200"><time>2026-01-01T09:04:39Z</time></wpt>
  <wpt lat="32.4397600" lon="-97.8052200"><time>2026-01-01T09:04:40Z</time></wpt>
  <wpt lat="32.4397600" lon="-97.8052200"><time>2026-01-01T09:04:41Z</time></wpt>
  <wpt lat="32.4397600" lon="-97.8052200"><time>2026-01-01T09:04:42Z</time></wpt>
  <wpt lat="32.4397600" lon="-97.8052200"><time>2026-01-01T09:04:43Z</time></wpt>
  <wpt lat="32.4397600" lon="-97.8052200"><time>2026-01-01T09:04:44Z</time></wpt>
  <wpt lat="32.4397600" lon="-97.8052200"><time>2026-01-01T09:04:45Z</time></wpt>
  <wpt lat="32.4397600" lon="-97.8052200"><time>2026-01-01T09:04:46Z</time></wpt>
  <wpt lat="32.4397600" lon="-97.8052200"><time>2026-01-01T09:04:47Z</time></wpt>
  <wpt lat="32.4397600" lon="-97.8052200"><time>2026-01-01T09:04:48Z</time></wpt>
  <wpt lat="32.4397600" lon="-97.8052200"><time>2026-01-01T09:04:49Z</time></wpt>
  <wpt lat="32.4397600" lon="-97.8052200"><time>2026-01-01T09:04:50Z</time></wpt>
  <wpt lat="32.4397600" lon="-97.8052200"><time>2026-01-01T09:04:51Z</time></wpt>
  <wpt lat="32.4397600" lon="-97.8052200"><time>2026-01-01T09:04:52Z</time></wpt>
  <wpt lat="32.4397600" lon="-97.8052200"><time>2026-01-01T09:04:53Z</time></wpt>
  <wpt lat="32.4397600" lon="-97.8052200"><time>2026-01-01T09:04:54Z</time></wpt>
  <wpt lat="32.4397600" lon="-97.8052200"><time>2026-01-01T09:04:55Z</time></wpt>
  <wpt lat="32.4397600" lon="-97.8052200"><time>2026-01-01T09:04:56Z</time></wpt>
  <wpt lat="32.4397600" lon="-97.8052200"><time>2026-01-01T09:04:57Z</time></wpt>
  <wpt lat="32.4397600" lon="-97.8052200"><time>2026-01-01T09:04:58Z</time></wpt>
  <wpt lat="32.4397600" lon="-97.8052200"><time>2026-01-01T09:04:59Z</time></wpt>
  <wpt lat="32.4397600" lon="-97.8052200"><time>2026-01-01T09:05:00Z</time></wpt>
  <wpt lat="32.4397600" lon="-97.8052200"><time>2026-01-01T09:05:01Z</time></wpt>
  <wpt lat="32.4397600" lon="-97.8052200"><time>2026-01-01T09:05:02Z</time></wpt>
  <wpt lat="32.4397600" lon="-97.8052200"><time>2026-01-01T09:05:03Z</time></wpt>
  <wpt lat="32.4397600" lon="-97.8052200"><time>2026-01-01T09:05:04Z</time></wpt>
  <wpt lat="32.4397600" lon="-97.8052200"><time>2026-01-01T09:05:05Z</time></wpt>
  <wpt lat="32.4397600" lon="-97.8052200"><time>2026-01-01T09:05:06Z</time></wpt>
  <wpt lat="32.4397600" lon="-97.8052200"><time>2026-01-01T09:05:07Z</time></wpt>
  <wpt lat="32.4397600" lon="-97.8052200"><time>2026-01-01T09:05:08Z</time></wpt>
  <wpt lat="32.4397600" lon="-97.8052200"><time>2026-01-01T09:05:09Z</time></wpt>
  <wpt lat="32.4397600" lon="-97.8052200"><time>2026-01-01T09:05:10Z</time></wpt>
  <wpt lat="32.4397600" lon="-97.8052200"><time>2026-01-01T09:05:11Z</time></wpt>
  <wpt lat="32.4397600" lon="-97.8052200"><time>2026-01-01T09:05:12Z</time></wpt>
  <wpt lat="32.4397600" lon="-97.8052200"><time>2026-01-01T09:05:13Z</time></wpt>
  <wpt lat="32.4397600" lon="-97.8052200"><time>2026-01-01T09:05:14Z</time></wpt>
  <wpt lat="32.4397600" lon="-97.8052200"><time>2026-01-01T09:05:15Z</time></wpt>
  <wpt lat="32.4397600" lon="-97.8052200"><time>2026-01-01T09:05:16Z</time></wpt>
  <wpt lat="32.4397600" lon="-97.8052200"><time>2026-01-01T09:05:17Z</time></wpt>
  <wpt lat="32.4397600" lon="-97.8052200"><time>2026-01-01T09:05:18Z</time></wpt>
  <wpt lat="32.4397600" lon="-97.8052200"><time>2026-01-01T09:05:19Z</time></wpt>
  <wpt lat="32.4397600" lon="-97.8052200"><time>2026-01-01T09:05:20Z</time></wpt>
  <wpt lat="32.4397600" lon="-97.8052200"><time>2026-01-01T09:05:21Z</time></wpt>
  <wpt lat="32.4397600" lon="-97.8052200"><time>2026-01-01T09:05:22Z</time></wpt>
  <wpt lat="32.4397600" lon="-97.8052200"><time>2026-01-01T09:05:23Z</time></wpt>
  <wpt lat="32.4397600" lon="-97.8052200"><time>2026-01-01T09:05:24Z</time></wpt>
  <wpt lat="32.4397600" lon="-97.8052200"><time>2026-01-01T09:05:25Z</time></wpt>
  <wpt lat="32.4397600" lon="-97.8052200"><time>2026-01-01T09:05:26Z</time></wpt>
  <wpt lat="32.4397600" lon="-97.8052200"><time>2026-01-01T09:05:27Z</time></wpt>
  <wpt lat="32.4397600" lon="-97.8052200"><time>2026-01-01T09:05:28Z</time></wpt>
  <wpt lat="32.4397600" lon="-97.8052200"><time>2026-01-01T09:05:29Z</time></wpt>
  <wpt lat="32.4397600" lon="-97.8052200"><time>2026-01-01T09:05:30Z</time></wpt>
  <wpt lat="32.4397600" lon="-97.8052200"><time>2026-01-01T09:05:31Z</time></wpt>
  <wpt lat="32.4397600" lon="-97.8052200"><time>2026-01-01T09:05:32Z</time></wpt>
  <wpt lat="32.4397600" lon="-97.8052200"><time>2026-01-01T09:05:33Z</time></wpt>
  <wpt lat="32.4397600" lon="-97.8052200"><time>2026-01-01T09:05:34Z</time></wpt>
  <wpt lat="32.4397600" lon="-97.8052200"><time>2026-01-01T09:05:35Z</time></wpt>
  <wpt lat="32.4397600" lon="-97.8052200"><time>2026-01-01T09:05:36Z</time></wpt>
  <wpt lat="32.4397600" lon="-97.8052200"><time>2026-01-01T09:05:37Z</time></wpt>
  <wpt lat="32.4397600" lon="-97.8052200"><time>2026-01-01T09:05:38Z</time></wpt>
  <wpt lat="32.4397600" lon="-97.8052200"><time>2026-01-01T09:05:39Z</time></wpt>
  <wpt lat="32.4397600" lon="-97.8052200"><time>2026-01-01T09:05:40Z</time></wpt>
  <wpt lat="32.4397600" lon="-97.8052200"><time>2026-01-01T09:05:41Z</time></wpt>
  <wpt lat="32.4397600" lon="-97.8052200"><time>2026-01-01T09:05:42Z</time></wpt>
  <wpt lat="32.4397600" lon="-97.8052200"><time>2026-01-01T09:05:43Z</time></wpt>
  <wpt lat="32.4397600" lon="-97.8052200"><time>2026-01-01T09:05:44Z</time></wpt>
  <wpt lat="32.4397600" lon="-97.8052200"><time>2026-01-01T09:05:45Z</time></wpt>
  <wpt lat="32.4397600" lon="-97.8052200"><time>2026-01-01T09:05:46Z</time></wpt>
  <wpt lat="32.4397600" lon="-97.8052200"><time>2026-01-01T09:05:47Z</time></wpt>
  <wpt lat="32.4397600" lon="-97.8052200"><time>2026-01-01T09:05:48Z</time></wpt>
  <wpt lat="32.4397600" lon="-97.8052200"><time>2026-01-01T09:05:49Z</time></wpt>
  <wpt lat="32.4397556" lon="-97.8049205"><time>2026-01-01T09:05:50Z</time></wpt>
  <wpt lat="32.4397511" lon="-97.8046210"><time>2026-01-01T09:05:51Z</time></wpt>
  <wpt lat="32.4397467" lon="-97.8043216"><time>2026-01-01T09:05:52Z</time></wpt>
  <wpt lat="32.4397423" lon="-97.8040221"><time>2026-01-01T09:05:53Z</time></wpt>
  <wpt lat="32.4397378" lon="-97.8037226"><time>2026-01-01T09:05:54Z</time></wpt>
  <wpt lat="32.4397334" lon="-97.8034231"><time>2026-01-01T09:05:55Z</time></wpt>
  <wpt lat="32.4397290" lon="-97.8031236"><time>2026-01-01T09:05:56Z</time></wpt>
  <wpt lat="32.4397245" lon="-97.8028241"><time>2026-01-01T09:05:57Z</time></wpt>
  <wpt lat="32.4397201" lon="-97.8025247"><time>2026-01-01T09:05:58Z</time></wpt>
  <wpt lat="32.4397157" lon="-97.8022252"><time>2026-01-01T09:05:59Z</time></wpt>
  <wpt lat="32.4397112" lon="-97.8019257"><time>2026-01-01T09:06:00Z</time></wpt>
  <wpt lat="32.4397068" lon="-97.8016262"><time>2026-01-01T09:06:01Z</time></wpt>
  <wpt lat="32.4397024" lon="-97.8013267"><time>2026-01-01T09:06:02Z</time></wpt>
  <wpt lat="32.4396979" lon="-97.8010272"><time>2026-01-01T09:06:03Z</time></wpt>
  <wpt lat="32.4396935" lon="-97.8007278"><time>2026-01-01T09:06:04Z</time></wpt>
  <wpt lat="32.4396891" lon="-97.8004283"><time>2026-01-01T09:06:05Z</time></wpt>
  <wpt lat="32.4396846" lon="-97.8001288"><time>2026-01-01T09:06:06Z</time></wpt>
  <wpt lat="32.4396802" lon="-97.7998293"><time>2026-01-01T09:06:07Z</time></wpt>
  <wpt lat="32.4396758" lon="-97.7995298"><time>2026-01-01T09:06:08Z</time></wpt>
  <wpt lat="32.4396713" lon="-97.7992303"><time>2026-01-01T09:06:09Z</time></wpt>
  <wpt lat="32.4396669" lon="-97.7989309"><time>2026-01-01T09:06:10Z</time></wpt>
  <wpt lat="32.4396625" lon="-97.7986314"><time>2026-01-01T09:06:11Z</time></wpt>
  <wpt lat="32.4396580" lon="-97.7983319"><time>2026-01-01T09:06:12Z</time></wpt>
  <wpt lat="32.4396536" lon="-97.7980324"><time>2026-01-01T09:06:13Z</time></wpt>
  <wpt lat="32.4396492" lon="-97.7977329"><time>2026-01-01T09:06:14Z</time></wpt>
  <wpt lat="32.4396447" lon="-97.7974334"><time>2026-01-01T09:06:15Z</time></wpt>
  <wpt lat="32.4396403" lon="-97.7971340"><time>2026-01-01T09:06:16Z</time></wpt>
  <wpt lat="32.4396359" lon="-97.7968345"><time>2026-01-01T09:06:17Z</time></wpt>
  <wpt lat="32.4396314" lon="-97.7965350"><time>2026-01-01T09:06:18Z</time></wpt>
  <wpt lat="32.4396270" lon="-97.7962355"><time>2026-01-01T09:06:19Z</time></wpt>
  <wpt lat="32.4396226" lon="-97.7959360"><time>2026-01-01T09:06:20Z</time></wpt>
  <wpt lat="32.4396181" lon="-97.7956365"><time>2026-01-01T09:06:21Z</time></wpt>
  <wpt lat="32.4396137" lon="-97.7953371"><time>2026-01-01T09:06:22Z</time></wpt>
  <wpt lat="32.4396093" lon="-97.7950376"><time>2026-01-01T09:06:23Z</time></wpt>
  <wpt lat="32.4396048" lon="-97.7947381"><time>2026-01-01T09:06:24Z</time></wpt>
  <wpt lat="32.4396004" lon="-97.7944386"><time>2026-01-01T09:06:25Z</time></wpt>
  <wpt lat="32.4395960" lon="-97.7941391"><time>2026-01-01T09:06:26Z</time></wpt>
  <wpt lat="32.4395915" lon="-97.7938396"><time>2026-01-01T09:06:27Z</time></wpt>
  <wpt lat="32.4395871" lon="-97.7935401"><time>2026-01-01T09:06:28Z</time></wpt>
  <wpt lat="32.4395827" lon="-97.7932407"><time>2026-01-01T09:06:29Z</time></wpt>
  <wpt lat="32.4395782" lon="-97.7929412"><time>2026-01-01T09:06:30Z</time></wpt>
  <wpt lat="32.4395738" lon="-97.7926417"><time>2026-01-01T09:06:31Z</time></wpt>
  <wpt lat="32.4395694" lon="-97.7923422"><time>2026-01-01T09:06:32Z</time></wpt>
  <wpt lat="32.4395649" lon="-97.7920427"><time>2026-01-01T09:06:33Z</time></wpt>
  <wpt lat="32.4395605" lon="-97.7917432"><time>2026-01-01T09:06:34Z</time></wpt>
  <wpt lat="32.4395561" lon="-97.7914438"><time>2026-01-01T09:06:35Z</time></wpt>
  <wpt lat="32.4395516" lon="-97.7911443"><time>2026-01-01T09:06:36Z</time></wpt>
  <wpt lat="32.4395472" lon="-97.7908448"><time>2026-01-01T09:06:37Z</time></wpt>
  <wpt lat="32.4395428" lon="-97.7905453"><time>2026-01-01T09:06:38Z</time></wpt>
  <wpt lat="32.4395383" lon="-97.7902458"><time>2026-01-01T09:06:39Z</time></wpt>
  <wpt lat="32.4395339" lon="-97.7899464"><time>2026-01-01T09:06:40Z</time></wpt>
  <wpt lat="32.4395295" lon="-97.7896469"><time>2026-01-01T09:06:41Z</time></wpt>
  <wpt lat="32.4395250" lon="-97.7893474"><time>2026-01-01T09:06:42Z</time></wpt>
  <wpt lat="32.4395206" lon="-97.7890479"><time>2026-01-01T09:06:43Z</time></wpt>
  <wpt lat="32.4395162" lon="-97.7887484"><time>2026-01-01T09:06:44Z</time></wpt>
  <wpt lat="32.4395117" lon="-97.7884489"><time>2026-01-01T09:06:45Z</time></wpt>
  <wpt lat="32.4395073" lon="-97.7881495"><time>2026-01-01T09:06:46Z</time></wpt>
  <wpt lat="32.4395029" lon="-97.7878500"><time>2026-01-01T09:06:47Z</time></wpt>
  <wpt lat="32.4394984" lon="-97.7875505"><time>2026-01-01T09:06:48Z</time></wpt>
  <wpt lat="32.4394940" lon="-97.7872510"><time>2026-01-01T09:06:49Z</time></wpt>
  <wpt lat="32.4394896" lon="-97.7869515"><time>2026-01-01T09:06:50Z</time></wpt>
  <wpt lat="32.4394851" lon="-97.7866520"><time>2026-01-01T09:06:51Z</time></wpt>
  <wpt lat="32.4394807" lon="-97.7863526"><time>2026-01-01T09:06:52Z</time></wpt>
  <wpt lat="32.4394763" lon="-97.7860531"><time>2026-01-01T09:06:53Z</time></wpt>
  <wpt lat="32.4394718" lon="-97.7857536"><time>2026-01-01T09:06:54Z</time></wpt>
  <wpt lat="32.4394674" lon="-97.7854541"><time>2026-01-01T09:06:55Z</time></wpt>
  <wpt lat="32.4394630" lon="-97.7851546"><time>2026-01-01T09:06:56Z</time></wpt>
  <wpt lat="32.4394585" lon="-97.7848551"><time>2026-01-01T09:06:57Z</time></wpt>
  <wpt lat="32.4394541" lon="-97.7845557"><time>2026-01-01T09:06:58Z</time></wpt>
  <wpt lat="32.4394497" lon="-97.7842562"><time>2026-01-01T09:06:59Z</time></wpt>
  <wpt lat="32.4394452" lon="-97.7839567"><time>2026-01-01T09:07:00Z</time></wpt>
  <wpt lat="32.4394408" lon="-97.7836572"><time>2026-01-01T09:07:01Z</time></wpt>
  <wpt lat="32.4394364" lon="-97.7833577"><time>2026-01-01T09:07:02Z</time></wpt>
  <wpt lat="32.4394319" lon="-97.7830582"><time>2026-01-01T09:07:03Z</time></wpt>
  <wpt lat="32.4394275" lon="-97.7827587"><time>2026-01-01T09:07:04Z</time></wpt>
  <wpt lat="32.4394231" lon="-97.7824593"><time>2026-01-01T09:07:05Z</time></wpt>
  <wpt lat="32.4394186" lon="-97.7821598"><time>2026-01-01T09:07:06Z</time></wpt>
  <wpt lat="32.4394142" lon="-97.7818603"><time>2026-01-01T09:07:07Z</time></wpt>
  <wpt lat="32.4394098" lon="-97.7815608"><time>2026-01-01T09:07:08Z</time></wpt>
  <wpt lat="32.4394053" lon="-97.7812613"><time>2026-01-01T09:07:09Z</time></wpt>
  <wpt lat="32.4394009" lon="-97.7809618"><time>2026-01-01T09:07:10Z</time></wpt>
  <wpt lat="32.4393965" lon="-97.7806624"><time>2026-01-01T09:07:11Z</time></wpt>
  <wpt lat="32.4393920" lon="-97.7803629"><time>2026-01-01T09:07:12Z</time></wpt>
  <wpt lat="32.4393876" lon="-97.7800634"><time>2026-01-01T09:07:13Z</time></wpt>
  <wpt lat="32.4393832" lon="-97.7797639"><time>2026-01-01T09:07:14Z</time></wpt>
  <wpt lat="32.4393787" lon="-97.7794644"><time>2026-01-01T09:07:15Z</time></wpt>
  <wpt lat="32.4393743" lon="-97.7791649"><time>2026-01-01T09:07:16Z</time></wpt>
  <wpt lat="32.4393699" lon="-97.7788655"><time>2026-01-01T09:07:17Z</time></wpt>
  <wpt lat="32.4393654" lon="-97.7785660"><time>2026-01-01T09:07:18Z</time></wpt>
  <wpt lat="32.4393610" lon="-97.7782665"><time>2026-01-01T09:07:19Z</time></wpt>
  <wpt lat="32.4393566" lon="-97.7779670"><time>2026-01-01T09:07:20Z</time></wpt>
  <wpt lat="32.4393521" lon="-97.7776675"><time>2026-01-01T09:07:21Z</time></wpt>
  <wpt lat="32.4393477" lon="-97.7773681"><time>2026-01-01T09:07:22Z</time></wpt>
  <wpt lat="32.4393433" lon="-97.7770686"><time>2026-01-01T09:07:23Z</time></wpt>
  <wpt lat="32.4393388" lon="-97.7767691"><time>2026-01-01T09:07:24Z</time></wpt>
  <wpt lat="32.4393344" lon="-97.7764696"><time>2026-01-01T09:07:25Z</time></wpt>
  <wpt lat="32.4393300" lon="-97.7761701"><time>2026-01-01T09:07:26Z</time></wpt>
  <wpt lat="32.4393255" lon="-97.7758706"><time>2026-01-01T09:07:27Z</time></wpt>
  <wpt lat="32.4393211" lon="-97.7755712"><time>2026-01-01T09:07:28Z</time></wpt>
  <wpt lat="32.4393167" lon="-97.7752717"><time>2026-01-01T09:07:29Z</time></wpt>
  <wpt lat="32.4393122" lon="-97.7749722"><time>2026-01-01T09:07:30Z</time></wpt>
  <wpt lat="32.4393078" lon="-97.7746727"><time>2026-01-01T09:07:31Z</time></wpt>
  <wpt lat="32.4393034" lon="-97.7743732"><time>2026-01-01T09:07:32Z</time></wpt>
  <wpt lat="32.4392989" lon="-97.7740737"><time>2026-01-01T09:07:33Z</time></wpt>
  <wpt lat="32.4392945" lon="-97.7737743"><time>2026-01-01T09:07:34Z</time></wpt>
  <wpt lat="32.4392901" lon="-97.7734748"><time>2026-01-01T09:07:35Z</time></wpt>
  <wpt lat="32.4392856" lon="-97.7731753"><time>2026-01-01T09:07:36Z</time></wpt>
  <wpt lat="32.4392812" lon="-97.7728758"><time>2026-01-01T09:07:37Z</time></wpt>
  <wpt lat="32.4392768" lon="-97.7725763"><time>2026-01-01T09:07:38Z</time></wpt>
  <wpt lat="32.4392723" lon="-97.7722768"><time>2026-01-01T09:07:39Z</time></wpt>
  <wpt lat="32.4392679" lon="-97.7719774"><time>2026-01-01T09:07:40Z</time></wpt>
  <wpt lat="32.4392635" lon="-97.7716779"><time>2026-01-01T09:07:41Z</time></wpt>
  <wpt lat="32.4392590" lon="-97.7713784"><time>2026-01-01T09:07:42Z</time></wpt>
  <wpt lat="32.4392546" lon="-97.7710789"><time>2026-01-01T09:07:43Z</time></wpt>
  <wpt lat="32.4392502" lon="-97.7707794"><time>2026-01-01T09:07:44Z</time></wpt>
  <wpt lat="32.4392457" lon="-97.7704799"><time>2026-01-01T09:07:45Z</time></wpt>
  <wpt lat="32.4392413" lon="-97.7701804"><time>2026-01-01T09:07:46Z</time></wpt>
  <wpt lat="32.4392369" lon="-97.7698810"><time>2026-01-01T09:07:47Z</time></wpt>
  <wpt lat="32.4392324" lon="-97.7695815"><time>2026-01-01T09:07:48Z</time></wpt>
  <wpt lat="32.4392280" lon="-97.7692820"><time>2026-01-01T09:07:49Z</time></wpt>
  <wpt lat="32.4392236" lon="-97.7689825"><time>2026-01-01T09:07:50Z</time></wpt>
  <wpt lat="32.4392191" lon="-97.7686830"><time>2026-01-01T09:07:51Z</time></wpt>
  <wpt lat="32.4392147" lon="-97.7683835"><time>2026-01-01T09:07:52Z</time></wpt>
  <wpt lat="32.4392103" lon="-97.7680841"><time>2026-01-01T09:07:53Z</time></wpt>
  <wpt lat="32.4392058" lon="-97.7677846"><time>2026-01-01T09:07:54Z</time></wpt>
  <wpt lat="32.4392014" lon="-97.7674851"><time>2026-01-01T09:07:55Z</time></wpt>
  <wpt lat="32.4391970" lon="-97.7671856"><time>2026-01-01T09:07:56Z</time></wpt>
  <wpt lat="32.4391925" lon="-97.7668861"><time>2026-01-01T09:07:57Z</time></wpt>
  <wpt lat="32.4391881" lon="-97.7665866"><time>2026-01-01T09:07:58Z</time></wpt>
  <wpt lat="32.4391837" lon="-97.7662872"><time>2026-01-01T09:07:59Z</time></wpt>
  <wpt lat="32.4391792" lon="-97.7659877"><time>2026-01-01T09:08:00Z</time></wpt>
  <wpt lat="32.4391748" lon="-97.7656882"><time>2026-01-01T09:08:01Z</time></wpt>
  <wpt lat="32.4391704" lon="-97.7653887"><time>2026-01-01T09:08:02Z</time></wpt>
  <wpt lat="32.4391659" lon="-97.7650892"><time>2026-01-01T09:08:03Z</time></wpt>
  <wpt lat="32.4391615" lon="-97.7647898"><time>2026-01-01T09:08:04Z</time></wpt>
  <wpt lat="32.4391571" lon="-97.7644903"><time>2026-01-01T09:08:05Z</time></wpt>
  <wpt lat="32.4391526" lon="-97.7641908"><time>2026-01-01T09:08:06Z</time></wpt>
  <wpt lat="32.4391482" lon="-97.7638913"><time>2026-01-01T09:08:07Z</time></wpt>
  <wpt lat="32.4391438" lon="-97.7635918"><time>2026-01-01T09:08:08Z</time></wpt>
  <wpt lat="32.4391393" lon="-97.7632923"><time>2026-01-01T09:08:09Z</time></wpt>
  <wpt lat="32.4391349" lon="-97.7629929"><time>2026-01-01T09:08:10Z</time></wpt>
  <wpt lat="32.4391305" lon="-97.7626934"><time>2026-01-01T09:08:11Z</time></wpt>
  <wpt lat="32.4391260" lon="-97.7623939"><time>2026-01-01T09:08:12Z</time></wpt>
  <wpt lat="32.4391216" lon="-97.7620944"><time>2026-01-01T09:08:13Z</time></wpt>
  <wpt lat="32.4391172" lon="-97.7617949"><time>2026-01-01T09:08:14Z</time></wpt>
  <wpt lat="32.4391127" lon="-97.7614954"><time>2026-01-01T09:08:15Z</time></wpt>
  <wpt lat="32.4391083" lon="-97.7611960"><time>2026-01-01T09:08:16Z</time></wpt>
  <wpt lat="32.4391039" lon="-97.7608965"><time>2026-01-01T09:08:17Z</time></wpt>
  <wpt lat="32.4390994" lon="-97.7605970"><time>2026-01-01T09:08:18Z</time></wpt>
  <wpt lat="32.4390950" lon="-97.7602975"><time>2026-01-01T09:08:19Z</time></wpt>
  <wpt lat="32.4390906" lon="-97.7599980"><time>2026-01-01T09:08:20Z</time></wpt>
  <wpt lat="32.4390861" lon="-97.7596985"><time>2026-01-01T09:08:21Z</time></wpt>
  <wpt lat="32.4390817" lon="-97.7593990"><time>2026-01-01T09:08:22Z</time></wpt>
  <wpt lat="32.4390773" lon="-97.7590996"><time>2026-01-01T09:08:23Z</time></wpt>
  <wpt lat="32.4390728" lon="-97.7588001"><time>2026-01-01T09:08:24Z</time></wpt>
  <wpt lat="32.4390684" lon="-97.7585006"><time>2026-01-01T09:08:25Z</time></wpt>
  <wpt lat="32.4390640" lon="-97.7582011"><time>2026-01-01T09:08:26Z</time></wpt>
  <wpt lat="32.4390595" lon="-97.7579016"><time>2026-01-01T09:08:27Z</time></wpt>
  <wpt lat="32.4390551" lon="-97.7576021"><time>2026-01-01T09:08:28Z</time></wpt>
  <wpt lat="32.4390507" lon="-97.7573027"><time>2026-01-01T09:08:29Z</time></wpt>
  <wpt lat="32.4390462" lon="-97.7570032"><time>2026-01-01T09:08:30Z</time></wpt>
  <wpt lat="32.4390418" lon="-97.7567037"><time>2026-01-01T09:08:31Z</time></wpt>
  <wpt lat="32.4390374" lon="-97.7564042"><time>2026-01-01T09:08:32Z</time></wpt>
  <wpt lat="32.4390329" lon="-97.7561047"><time>2026-01-01T09:08:33Z</time></wpt>
  <wpt lat="32.4390285" lon="-97.7558052"><time>2026-01-01T09:08:34Z</time></wpt>
  <wpt lat="32.4390241" lon="-97.7555058"><time>2026-01-01T09:08:35Z</time></wpt>
  <wpt lat="32.4390196" lon="-97.7552063"><time>2026-01-01T09:08:36Z</time></wpt>
  <wpt lat="32.4390152" lon="-97.7549068"><time>2026-01-01T09:08:37Z</time></wpt>
  <wpt lat="32.4390108" lon="-97.7546073"><time>2026-01-01T09:08:38Z</time></wpt>
  <wpt lat="32.4390063" lon="-97.7543078"><time>2026-01-01T09:08:39Z</time></wpt>
  <wpt lat="32.4390019" lon="-97.7540083"><time>2026-01-01T09:08:40Z</time></wpt>
  <wpt lat="32.4389975" lon="-97.7537089"><time>2026-01-01T09:08:41Z</time></wpt>
  <wpt lat="32.4389930" lon="-97.7534094"><time>2026-01-01T09:08:42Z</time></wpt>
  <wpt lat="32.4389886" lon="-97.7531099"><time>2026-01-01T09:08:43Z</time></wpt>
  <wpt lat="32.4389842" lon="-97.7528104"><time>2026-01-01T09:08:44Z</time></wpt>
  <wpt lat="32.4389797" lon="-97.7525109"><time>2026-01-01T09:08:45Z</time></wpt>
  <wpt lat="32.4389753" lon="-97.7522114"><time>2026-01-01T09:08:46Z</time></wpt>
  <wpt lat="32.4389709" lon="-97.7519120"><time>2026-01-01T09:08:47Z</time></wpt>
  <wpt lat="32.4389664" lon="-97.7516125"><time>2026-01-01T09:08:48Z</time></wpt>
  <wpt lat="32.4389620" lon="-97.7513130"><time>2026-01-01T09:08:49Z</time></wpt>
  <wpt lat="32.4389620" lon="-97.7513130"><time>2026-01-01T09:08:50Z</time></wpt>
  <wpt lat="32.4389620" lon="-97.7513130"><time>2026-01-01T09:08:51Z</time></wpt>
  <wpt lat="32.4389620" lon="-97.7513130"><time>2026-01-01T09:08:52Z</time></wpt>
  <wpt lat="32.4389620" lon="-97.7513130"><time>2026-01-01T09:08:53Z</time></wpt>
  <wpt lat="32.4389620" lon="-97.7513130"><time>2026-01-01T09:08:54Z</time></wpt>
  <wpt lat="32.4389620" lon="-97.7513130"><time>2026-01-01T09:08:55Z</time></wpt>
  <wpt lat="32.4389620" lon="-97.7513130"><time>2026-01-01T09:08:56Z</time></wpt>
  <wpt lat="32.4389620" lon="-97.7513130"><time>2026-01-01T09:08:57Z</time></wpt>
  <wpt lat="32.4389620" lon="-97.7513130"><time>2026-01-01T09:08:58Z</time></wpt>
  <wpt lat="32.4389620" lon="-97.7513130"><time>2026-01-01T09:08:59Z</time></wpt>
  <wpt lat="32.4389620" lon="-97.7513130"><time>2026-01-01T09:09:00Z</time></wpt>
  <wpt lat="32.4389620" lon="-97.7513130"><time>2026-01-01T09:09:01Z</time></wpt>
  <wpt lat="32.4389620" lon="-97.7513130"><time>2026-01-01T09:09:02Z</time></wpt>
  <wpt lat="32.4389620" lon="-97.7513130"><time>2026-01-01T09:09:03Z</time></wpt>
  <wpt lat="32.4389620" lon="-97.7513130"><time>2026-01-01T09:09:04Z</time></wpt>
  <wpt lat="32.4389620" lon="-97.7513130"><time>2026-01-01T09:09:05Z</time></wpt>
  <wpt lat="32.4389620" lon="-97.7513130"><time>2026-01-01T09:09:06Z</time></wpt>
  <wpt lat="32.4389620" lon="-97.7513130"><time>2026-01-01T09:09:07Z</time></wpt>
  <wpt lat="32.4389620" lon="-97.7513130"><time>2026-01-01T09:09:08Z</time></wpt>
  <wpt lat="32.4389620" lon="-97.7513130"><time>2026-01-01T09:09:09Z</time></wpt>
  <wpt lat="32.4389620" lon="-97.7513130"><time>2026-01-01T09:09:10Z</time></wpt>
  <wpt lat="32.4389620" lon="-97.7513130"><time>2026-01-01T09:09:11Z</time></wpt>
  <wpt lat="32.4389620" lon="-97.7513130"><time>2026-01-01T09:09:12Z</time></wpt>
  <wpt lat="32.4389620" lon="-97.7513130"><time>2026-01-01T09:09:13Z</time></wpt>
  <wpt lat="32.4389620" lon="-97.7513130"><time>2026-01-01T09:09:14Z</time></wpt>
  <wpt lat="32.4389620" lon="-97.7513130"><time>2026-01-01T09:09:15Z</time></wpt>
  <wpt lat="32.4389620" lon="-97.7513130"><time>2026-01-01T09:09:16Z</time></wpt>
  <wpt lat="32.4389620" lon="-97.7513130"><time>2026-01-01T09:09:17Z</time></wpt>
  <wpt lat="32.4389620" lon="-97.7513130"><time>2026-01-01T09:09:18Z</time></wpt>
  <wpt lat="32.4389620" lon="-97.7513130"><time>2026-01-01T09:09:19Z</time></wpt>
  <wpt lat="32.4389620" lon="-97.7513130"><time>2026-01-01T09:09:20Z</time></wpt>
  <wpt lat="32.4389620" lon="-97.7513130"><time>2026-01-01T09:09:21Z</time></wpt>
  <wpt lat="32.4389620" lon="-97.7513130"><time>2026-01-01T09:09:22Z</time></wpt>
  <wpt lat="32.4389620" lon="-97.7513130"><time>2026-01-01T09:09:23Z</time></wpt>
  <wpt lat="32.4389620" lon="-97.7513130"><time>2026-01-01T09:09:24Z</time></wpt>
  <wpt lat="32.4389620" lon="-97.7513130"><time>2026-01-01T09:09:25Z</time></wpt>
  <wpt lat="32.4389620" lon="-97.7513130"><time>2026-01-01T09:09:26Z</time></wpt>
  <wpt lat="32.4389620" lon="-97.7513130"><time>2026-01-01T09:09:27Z</time></wpt>
  <wpt lat="32.4389620" lon="-97.7513130"><time>2026-01-01T09:09:28Z</time></wpt>
  <wpt lat="32.4389620" lon="-97.7513130"><time>2026-01-01T09:09:29Z</time></wpt>
  <wpt lat="32.4389620" lon="-97.7513130"><time>2026-01-01T09:09:30Z</time></wpt>
  <wpt lat="32.4389620" lon="-97.7513130"><time>2026-01-01T09:09:31Z</time></wpt>
  <wpt lat="32.4389620" lon="-97.7513130"><time>2026-01-01T09:09:32Z</time></wpt>
  <wpt lat="32.4389620" lon="-97.7513130"><time>2026-01-01T09:09:33Z</time></wpt>
  <wpt lat="32.4389620" lon="-97.7513130"><time>2026-01-01T09:09:34Z</time></wpt>
  <wpt lat="32.4389620" lon="-97.7513130"><time>2026-01-01T09:09:35Z</time></wpt>
  <wpt lat="32.4389620" lon="-97.7513130"><time>2026-01-01T09:09:36Z</time></wpt>
  <wpt lat="32.4389620" lon="-97.7513130"><time>2026-01-01T09:09:37Z</time></wpt>
  <wpt lat="32.4389620" lon="-97.7513130"><time>2026-01-01T09:09:38Z</time></wpt>
  <wpt lat="32.4389620" lon="-97.7513130"><time>2026-01-01T09:09:39Z</time></wpt>
  <wpt lat="32.4389620" lon="-97.7513130"><time>2026-01-01T09:09:40Z</time></wpt>
  <wpt lat="32.4389620" lon="-97.7513130"><time>2026-01-01T09:09:41Z</time></wpt>
  <wpt lat="32.4389620" lon="-97.7513130"><time>2026-01-01T09:09:42Z</time></wpt>
  <wpt lat="32.4389620" lon="-97.7513130"><time>2026-01-01T09:09:43Z</time></wpt>
  <wpt lat="32.4389620" lon="-97.7513130"><time>2026-01-01T09:09:44Z</time></wpt>
  <wpt lat="32.4389620" lon="-97.7513130"><time>2026-01-01T09:09:45Z</time></wpt>
  <wpt lat="32.4389620" lon="-97.7513130"><time>2026-01-01T09:09:46Z</time></wpt>
  <wpt lat="32.4389620" lon="-97.7513130"><time>2026-01-01T09:09:47Z</time></wpt>
  <wpt lat="32.4389620" lon="-97.7513130"><time>2026-01-01T09:09:48Z</time></wpt>
  <wpt lat="32.4389620" lon="-97.7513130"><time>2026-01-01T09:09:49Z</time></wpt>
  <wpt lat="32.4389620" lon="-97.7513130"><time>2026-01-01T09:09:50Z</time></wpt>
  <wpt lat="32.4389620" lon="-97.7513130"><time>2026-01-01T09:09:51Z</time></wpt>
  <wpt lat="32.4389620" lon="-97.7513130"><time>2026-01-01T09:09:52Z</time></wpt>
  <wpt lat="32.4389620" lon="-97.7513130"><time>2026-01-01T09:09:53Z</time></wpt>
  <wpt lat="32.4389620" lon="-97.7513130"><time>2026-01-01T09:09:54Z</time></wpt>
  <wpt lat="32.4389620" lon="-97.7513130"><time>2026-01-01T09:09:55Z</time></wpt>
  <wpt lat="32.4389620" lon="-97.7513130"><time>2026-01-01T09:09:56Z</time></wpt>
  <wpt lat="32.4389620" lon="-97.7513130"><time>2026-01-01T09:09:57Z</time></wpt>
  <wpt lat="32.4389620" lon="-97.7513130"><time>2026-01-01T09:09:58Z</time></wpt>
  <wpt lat="32.4389620" lon="-97.7513130"><time>2026-01-01T09:09:59Z</time></wpt>
  <wpt lat="32.4389620" lon="-97.7513130"><time>2026-01-01T09:10:00Z</time></wpt>
  <wpt lat="32.4389620" lon="-97.7513130"><time>2026-01-01T09:10:01Z</time></wpt>
  <wpt lat="32.4389620" lon="-97.7513130"><time>2026-01-01T09:10:02Z</time></wpt>
  <wpt lat="32.4389620" lon="-97.7513130"><time>2026-01-01T09:10:03Z</time></wpt>
  <wpt lat="32.4389620" lon="-97.7513130"><time>2026-01-01T09:10:04Z</time></wpt>
  <wpt lat="32.4389620" lon="-97.7513130"><time>2026-01-01T09:10:05Z</time></wpt>
  <wpt lat="32.4389620" lon="-97.7513130"><time>2026-01-01T09:10:06Z</time></wpt>
  <wpt lat="32.4389620" lon="-97.7513130"><time>2026-01-01T09:10:07Z</time></wpt>
  <wpt lat="32.4389620" lon="-97.7513130"><time>2026-01-01T09:10:08Z</time></wpt>
  <wpt lat="32.4389620" lon="-97.7513130"><time>2026-01-01T09:10:09Z</time></wpt>
  <wpt lat="32.4389620" lon="-97.7513130"><time>2026-01-01T09:10:10Z</time></wpt>
  <wpt lat="32.4389620" lon="-97.7513130"><time>2026-01-01T09:10:11Z</time></wpt>
  <wpt lat="32.4389620" lon="-97.7513130"><time>2026-01-01T09:10:12Z</time></wpt>
  <wpt lat="32.4389620" lon="-97.7513130"><time>2026-01-01T09:10:13Z</time></wpt>
  <wpt lat="32.4389620" lon="-97.7513130"><time>2026-01-01T09:10:14Z</time></wpt>
  <wpt lat="32.4389620" lon="-97.7513130"><time>2026-01-01T09:10:15Z</time></wpt>
  <wpt lat="32.4389620" lon="-97.7513130"><time>2026-01-01T09:10:16Z</time></wpt>
  <wpt lat="32.4389620" lon="-97.7513130"><time>2026-01-01T09:10:17Z</time></wpt>
  <wpt lat="32.4389620" lon="-97.7513130"><time>2026-01-01T09:10:18Z</time></wpt>
  <wpt lat="32.4389620" lon="-97.7513130"><time>2026-01-01T09:10:19Z</time></wpt>
  <wpt lat="32.4389620" lon="-97.7513130"><time>2026-01-01T09:10:20Z</time></wpt>
  <wpt lat="32.4389620" lon="-97.7513130"><time>2026-01-01T09:10:21Z</time></wpt>
  <wpt lat="32.4389620" lon="-97.7513130"><time>2026-01-01T09:10:22Z</time></wpt>
  <wpt lat="32.4389620" lon="-97.7513130"><time>2026-01-01T09:10:23Z</time></wpt>
  <wpt lat="32.4389620" lon="-97.7513130"><time>2026-01-01T09:10:24Z</time></wpt>
  <wpt lat="32.4389620" lon="-97.7513130"><time>2026-01-01T09:10:25Z</time></wpt>
  <wpt lat="32.4389620" lon="-97.7513130"><time>2026-01-01T09:10:26Z</time></wpt>
  <wpt lat="32.4389620" lon="-97.7513130"><time>2026-01-01T09:10:27Z</time></wpt>
  <wpt lat="32.4389620" lon="-97.7513130"><time>2026-01-01T09:10:28Z</time></wpt>
  <wpt lat="32.4389620" lon="-97.7513130"><time>2026-01-01T09:10:29Z</time></wpt>
  <wpt lat="32.4389620" lon="-97.7513130"><time>2026-01-01T09:10:30Z</time></wpt>
  <wpt lat="32.4389620" lon="-97.7513130"><time>2026-01-01T09:10:31Z</time></wpt>
  <wpt lat="32.4389620" lon="-97.7513130"><time>2026-01-01T09:10:32Z</time></wpt>
  <wpt lat="32.4389620" lon="-97.7513130"><time>2026-01-01T09:10:33Z</time></wpt>
  <wpt lat="32.4389620" lon="-97.7513130"><time>2026-01-01T09:10:34Z</time></wpt>
  <wpt lat="32.4389620" lon="-97.7513130"><time>2026-01-01T09:10:35Z</time></wpt>
  <wpt lat="32.4389620" lon="-97.7513130"><time>2026-01-01T09:10:36Z</time></wpt>
  <wpt lat="32.4389620" lon="-97.7513130"><time>2026-01-01T09:10:37Z</time></wpt>
  <wpt lat="32.4389620" lon="-97.7513130"><time>2026-01-01T09:10:38Z</time></wpt>
  <wpt lat="32.4389620" lon="-97.7513130"><time>2026-01-01T09:10:39Z</time></wpt>
  <wpt lat="32.4389620" lon="-97.7513130"><time>2026-01-01T09:10:40Z</time></wpt>
  <wpt lat="32.4389620" lon="-97.7513130"><time>2026-01-01T09:10:41Z</time></wpt>
  <wpt lat="32.4389620" lon="-97.7513130"><time>2026-01-01T09:10:42Z</time></wpt>
  <wpt lat="32.4389620" lon="-97.7513130"><time>2026-01-01T09:10:43Z</time></wpt>
  <wpt lat="32.4389620" lon="-97.7513130"><time>2026-01-01T09:10:44Z</time></wpt>
  <wpt lat="32.4389620" lon="-97.7513130"><time>2026-01-01T09:10:45Z</time></wpt>
  <wpt lat="32.4389620" lon="-97.7513130"><time>2026-01-01T09:10:46Z</time></wpt>
  <wpt lat="32.4389620" lon="-97.7513130"><time>2026-01-01T09:10:47Z</time></wpt>
  <wpt lat="32.4389620" lon="-97.7513130"><time>2026-01-01T09:10:48Z</time></wpt>
  <wpt lat="32.4389620" lon="-97.7513130"><time>2026-01-01T09:10:49Z</time></wpt>
  <wpt lat="32.4389620" lon="-97.7513130"><time>2026-01-01T09:10:50Z</time></wpt>
  <wpt lat="32.4389620" lon="-97.7513130"><time>2026-01-01T09:10:51Z</time></wpt>
  <wpt lat="32.4389620" lon="-97.7513130"><time>2026-01-01T09:10:52Z</time></wpt>
  <wpt lat="32.4389620" lon="-97.7513130"><time>2026-01-01T09:10:53Z</time></wpt>
  <wpt lat="32.4389620" lon="-97.7513130"><time>2026-01-01T09:10:54Z</time></wpt>
  <wpt lat="32.4389620" lon="-97.7513130"><time>2026-01-01T09:10:55Z</time></wpt>
  <wpt lat="32.4389620" lon="-97.7513130"><time>2026-01-01T09:10:56Z</time></wpt>
  <wpt lat="32.4389620" lon="-97.7513130"><time>2026-01-01T09:10:57Z</time></wpt>
  <wpt lat="32.4389620" lon="-97.7513130"><time>2026-01-01T09:10:58Z</time></wpt>
  <wpt lat="32.4389620" lon="-97.7513130"><time>2026-01-01T09:10:59Z</time></wpt>
  <wpt lat="32.4389620" lon="-97.7513130"><time>2026-01-01T09:11:00Z</time></wpt>
  <wpt lat="32.4389620" lon="-97.7513130"><time>2026-01-01T09:11:01Z</time></wpt>
  <wpt lat="32.4389620" lon="-97.7513130"><time>2026-01-01T09:11:02Z</time></wpt>
  <wpt lat="32.4389620" lon="-97.7513130"><time>2026-01-01T09:11:03Z</time></wpt>
  <wpt lat="32.4389620" lon="-97.7513130"><time>2026-01-01T09:11:04Z</time></wpt>
  <wpt lat="32.4389620" lon="-97.7513130"><time>2026-01-01T09:11:05Z</time></wpt>
  <wpt lat="32.4389620" lon="-97.7513130"><time>2026-01-01T09:11:06Z</time></wpt>
  <wpt lat="32.4389620" lon="-97.7513130"><time>2026-01-01T09:11:07Z</time></wpt>
  <wpt lat="32.4389620" lon="-97.7513130"><time>2026-01-01T09:11:08Z</time></wpt>
  <wpt lat="32.4389620" lon="-97.7513130"><time>2026-01-01T09:11:09Z</time></wpt>
  <wpt lat="32.4389620" lon="-97.7513130"><time>2026-01-01T09:11:10Z</time></wpt>
  <wpt lat="32.4389620" lon="-97.7513130"><time>2026-01-01T09:11:11Z</time></wpt>
  <wpt lat="32.4389620" lon="-97.7513130"><time>2026-01-01T09:11:12Z</time></wpt>
  <wpt lat="32.4389620" lon="-97.7513130"><time>2026-01-01T09:11:13Z</time></wpt>
  <wpt lat="32.4389620" lon="-97.7513130"><time>2026-01-01T09:11:14Z</time></wpt>
  <wpt lat="32.4389620" lon="-97.7513130"><time>2026-01-01T09:11:15Z</time></wpt>
  <wpt lat="32.4389620" lon="-97.7513130"><time>2026-01-01T09:11:16Z</time></wpt>
  <wpt lat="32.4389620" lon="-97.7513130"><time>2026-01-01T09:11:17Z</time></wpt>
  <wpt lat="32.4389620" lon="-97.7513130"><time>2026-01-01T09:11:18Z</time></wpt>
  <wpt lat="32.4389620" lon="-97.7513130"><time>2026-01-01T09:11:19Z</time></wpt>
  <wpt lat="32.4389620" lon="-97.7513130"><time>2026-01-01T09:11:20Z</time></wpt>
  <wpt lat="32.4389620" lon="-97.7513130"><time>2026-01-01T09:11:21Z</time></wpt>
  <wpt lat="32.4389620" lon="-97.7513130"><time>2026-01-01T09:11:22Z</time></wpt>
  <wpt lat="32.4389620" lon="-97.7513130"><time>2026-01-01T09:11:23Z</time></wpt>
  <wpt lat="32.4389620" lon="-97.7513130"><time>2026-01-01T09:11:24Z</time></wpt>
  <wpt lat="32.4389620" lon="-97.7513130"><time>2026-01-01T09:11:25Z</time></wpt>
  <wpt lat="32.4389620" lon="-97.7513130"><time>2026-01-01T09:11:26Z</time></wpt>
  <wpt lat="32.4389620" lon="-97.7513130"><time>2026-01-01T09:11:27Z</time></wpt>
  <wpt lat="32.4389620" lon="-97.7513130"><time>2026-01-01T09:11:28Z</time></wpt>
  <wpt lat="32.4389620" lon="-97.7513130"><time>2026-01-01T09:11:29Z</time></wpt>
  <wpt lat="32.4389620" lon="-97.7513130"><time>2026-01-01T09:11:30Z</time></wpt>
  <wpt lat="32.4389620" lon="-97.7513130"><time>2026-01-01T09:11:31Z</time></wpt>
  <wpt lat="32.4389620" lon="-97.7513130"><time>2026-01-01T09:11:32Z</time></wpt>
  <wpt lat="32.4389620" lon="-97.7513130"><time>2026-01-01T09:11:33Z</time></wpt>
  <wpt lat="32.4389620" lon="-97.7513130"><time>2026-01-01T09:11:34Z</time></wpt>
  <wpt lat="32.4389620" lon="-97.7513130"><time>2026-01-01T09:11:35Z</time></wpt>
  <wpt lat="32.4389620" lon="-97.7513130"><time>2026-01-01T09:11:36Z</time></wpt>
  <wpt lat="32.4389620" lon="-97.7513130"><time>2026-01-01T09:11:37Z</time></wpt>
  <wpt lat="32.4389620" lon="-97.7513130"><time>2026-01-01T09:11:38Z</time></wpt>
  <wpt lat="32.4389620" lon="-97.7513130"><time>2026-01-01T09:11:39Z</time></wpt>
  <wpt lat="32.4389620" lon="-97.7513130"><time>2026-01-01T09:11:40Z</time></wpt>
  <wpt lat="32.4389620" lon="-97.7513130"><time>2026-01-01T09:11:41Z</time></wpt>
  <wpt lat="32.4389620" lon="-97.7513130"><time>2026-01-01T09:11:42Z</time></wpt>
  <wpt lat="32.4389620" lon="-97.7513130"><time>2026-01-01T09:11:43Z</time></wpt>
  <wpt lat="32.4389620" lon="-97.7513130"><time>2026-01-01T09:11:44Z</time></wpt>
  <wpt lat="32.4389620" lon="-97.7513130"><time>2026-01-01T09:11:45Z</time></wpt>
  <wpt lat="32.4389620" lon="-97.7513130"><time>2026-01-01T09:11:46Z</time></wpt>
  <wpt lat="32.4389620" lon="-97.7513130"><time>2026-01-01T09:11:47Z</time></wpt>
  <wpt lat="32.4389620" lon="-97.7513130"><time>2026-01-01T09:11:48Z</time></wpt>
  <wpt lat="32.4389620" lon="-97.7513130"><time>2026-01-01T09:11:49Z</time></wpt>
  <wpt lat="32.4389620" lon="-97.7513130"><time>2026-01-01T09:11:50Z</time></wpt>
  <wpt lat="32.4389620" lon="-97.7513130"><time>2026-01-01T09:11:51Z</time></wpt>
  <wpt lat="32.4389620" lon="-97.7513130"><time>2026-01-01T09:11:52Z</time></wpt>
  <wpt lat="32.4389620" lon="-97.7513130"><time>2026-01-01T09:11:53Z</time></wpt>
  <wpt lat="32.4389620" lon="-97.7513130"><time>2026-01-01T09:11:54Z</time></wpt>
  <wpt lat="32.4389620" lon="-97.7513130"><time>2026-01-01T09:11:55Z</time></wpt>
  <wpt lat="32.4389620" lon="-97.7513130"><time>2026-01-01T09:11:56Z</time></wpt>
  <wpt lat="32.4389620" lon="-97.7513130"><time>2026-01-01T09:11:57Z</time></wpt>
  <wpt lat="32.4389620" lon="-97.7513130"><time>2026-01-01T09:11:58Z</time></wpt>
  <wpt lat="32.4389620" lon="-97.7513130"><time>2026-01-01T09:11:59Z</time></wpt>
  <wpt lat="32.4389620" lon="-97.7513130"><time>2026-01-01T09:12:00Z</time></wpt>
  <wpt lat="32.4389620" lon="-97.7513130"><time>2026-01-01T09:12:01Z</time></wpt>
  <wpt lat="32.4389620" lon="-97.7513130"><time>2026-01-01T09:12:02Z</time></wpt>
  <wpt lat="32.4389620" lon="-97.7513130"><time>2026-01-01T09:12:03Z</time></wpt>
  <wpt lat="32.4389620" lon="-97.7513130"><time>2026-01-01T09:12:04Z</time></wpt>
  <wpt lat="32.4389620" lon="-97.7513130"><time>2026-01-01T09:12:05Z</time></wpt>
  <wpt lat="32.4389620" lon="-97.7513130"><time>2026-01-01T09:12:06Z</time></wpt>
  <wpt lat="32.4389620" lon="-97.7513130"><time>2026-01-01T09:12:07Z</time></wpt>
  <wpt lat="32.4389620" lon="-97.7513130"><time>2026-01-01T09:12:08Z</time></wpt>
  <wpt lat="32.4389620" lon="-97.7513130"><time>2026-01-01T09:12:09Z</time></wpt>
  <wpt lat="32.4389620" lon="-97.7513130"><time>2026-01-01T09:12:10Z</time></wpt>
  <wpt lat="32.4389620" lon="-97.7513130"><time>2026-01-01T09:12:11Z</time></wpt>
  <wpt lat="32.4389620" lon="-97.7513130"><time>2026-01-01T09:12:12Z</time></wpt>
  <wpt lat="32.4389620" lon="-97.7513130"><time>2026-01-01T09:12:13Z</time></wpt>
  <wpt lat="32.4389620" lon="-97.7513130"><time>2026-01-01T09:12:14Z</time></wpt>
  <wpt lat="32.4389620" lon="-97.7513130"><time>2026-01-01T09:12:15Z</time></wpt>
  <wpt lat="32.4389620" lon="-97.7513130"><time>2026-01-01T09:12:16Z</time></wpt>
  <wpt lat="32.4389620" lon="-97.7513130"><time>2026-01-01T09:12:17Z</time></wpt>
  <wpt lat="32.4389620" lon="-97.7513130"><time>2026-01-01T09:12:18Z</time></wpt>
  <wpt lat="32.4389620" lon="-97.7513130"><time>2026-01-01T09:12:19Z</time></wpt>
  <wpt lat="32.4391417" lon="-97.7511001"><time>2026-01-01T09:12:20Z</time></wpt>
  <wpt lat="32.4393213" lon="-97.7508872"><time>2026-01-01T09:12:21Z</time></wpt>
  <wpt lat="32.4395010" lon="-97.7506744"><time>2026-01-01T09:12:22Z</time></wpt>
  <wpt lat="32.4396806" lon="-97.7504615"><time>2026-01-01T09:12:23Z</time></wpt>
  <wpt lat="32.4398603" lon="-97.7502486"><time>2026-01-01T09:12:24Z</time></wpt>
  <wpt lat="32.4400400" lon="-97.7500357"><time>2026-01-01T09:12:25Z</time></wpt>
  <wpt lat="32.4402196" lon="-97.7498228"><time>2026-01-01T09:12:26Z</time></wpt>
  <wpt lat="32.4403993" lon="-97.7496100"><time>2026-01-01T09:12:27Z</time></wpt>
  <wpt lat="32.4405790" lon="-97.7493971"><time>2026-01-01T09:12:28Z</time></wpt>
  <wpt lat="32.4407586" lon="-97.7491842"><time>2026-01-01T09:12:29Z</time></wpt>
  <wpt lat="32.4409383" lon="-97.7489713"><time>2026-01-01T09:12:30Z</time></wpt>
  <wpt lat="32.4411179" lon="-97.7487584"><time>2026-01-01T09:12:31Z</time></wpt>
  <wpt lat="32.4412976" lon="-97.7485456"><time>2026-01-01T09:12:32Z</time></wpt>
  <wpt lat="32.4414773" lon="-97.7483327"><time>2026-01-01T09:12:33Z</time></wpt>
  <wpt lat="32.4416569" lon="-97.7481198"><time>2026-01-01T09:12:34Z</time></wpt>
  <wpt lat="32.4418366" lon="-97.7479069"><time>2026-01-01T09:12:35Z</time></wpt>
  <wpt lat="32.4420163" lon="-97.7476941"><time>2026-01-01T09:12:36Z</time></wpt>
  <wpt lat="32.4421959" lon="-97.7474812"><time>2026-01-01T09:12:37Z</time></wpt>
  <wpt lat="32.4423756" lon="-97.7472683"><time>2026-01-01T09:12:38Z</time></wpt>
  <wpt lat="32.4425552" lon="-97.7470554"><time>2026-01-01T09:12:39Z</time></wpt>
  <wpt lat="32.4427349" lon="-97.7468425"><time>2026-01-01T09:12:40Z</time></wpt>
  <wpt lat="32.4429146" lon="-97.7466297"><time>2026-01-01T09:12:41Z</time></wpt>
  <wpt lat="32.4430942" lon="-97.7464168"><time>2026-01-01T09:12:42Z</time></wpt>
  <wpt lat="32.4432739" lon="-97.7462039"><time>2026-01-01T09:12:43Z</time></wpt>
  <wpt lat="32.4434536" lon="-97.7459910"><time>2026-01-01T09:12:44Z</time></wpt>
  <wpt lat="32.4436332" lon="-97.7457781"><time>2026-01-01T09:12:45Z</time></wpt>
  <wpt lat="32.4438129" lon="-97.7455653"><time>2026-01-01T09:12:46Z</time></wpt>
  <wpt lat="32.4439925" lon="-97.7453524"><time>2026-01-01T09:12:47Z</time></wpt>
  <wpt lat="32.4441722" lon="-97.7451395"><time>2026-01-01T09:12:48Z</time></wpt>
  <wpt lat="32.4443519" lon="-97.7449266"><time>2026-01-01T09:12:49Z</time></wpt>
  <wpt lat="32.4445315" lon="-97.7447137"><time>2026-01-01T09:12:50Z</time></wpt>
  <wpt lat="32.4447112" lon="-97.7445009"><time>2026-01-01T09:12:51Z</time></wpt>
  <wpt lat="32.4448909" lon="-97.7442880"><time>2026-01-01T09:12:52Z</time></wpt>
  <wpt lat="32.4450705" lon="-97.7440751"><time>2026-01-01T09:12:53Z</time></wpt>
  <wpt lat="32.4452502" lon="-97.7438622"><time>2026-01-01T09:12:54Z</time></wpt>
  <wpt lat="32.4454298" lon="-97.7436493"><time>2026-01-01T09:12:55Z</time></wpt>
  <wpt lat="32.4456095" lon="-97.7434365"><time>2026-01-01T09:12:56Z</time></wpt>
  <wpt lat="32.4457892" lon="-97.7432236"><time>2026-01-01T09:12:57Z</time></wpt>
  <wpt lat="32.4459688" lon="-97.7430107"><time>2026-01-01T09:12:58Z</time></wpt>
  <wpt lat="32.4461485" lon="-97.7427978"><time>2026-01-01T09:12:59Z</time></wpt>
  <wpt lat="32.4463282" lon="-97.7425850"><time>2026-01-01T09:13:00Z</time></wpt>
  <wpt lat="32.4465078" lon="-97.7423721"><time>2026-01-01T09:13:01Z</time></wpt>
  <wpt lat="32.4466875" lon="-97.7421592"><time>2026-01-01T09:13:02Z</time></wpt>
  <wpt lat="32.4468671" lon="-97.7419463"><time>2026-01-01T09:13:03Z</time></wpt>
  <wpt lat="32.4470468" lon="-97.7417334"><time>2026-01-01T09:13:04Z</time></wpt>
  <wpt lat="32.4472265" lon="-97.7415206"><time>2026-01-01T09:13:05Z</time></wpt>
  <wpt lat="32.4474061" lon="-97.7413077"><time>2026-01-01T09:13:06Z</time></wpt>
  <wpt lat="32.4475858" lon="-97.7410948"><time>2026-01-01T09:13:07Z</time></wpt>
  <wpt lat="32.4477654" lon="-97.7408819"><time>2026-01-01T09:13:08Z</time></wpt>
  <wpt lat="32.4479451" lon="-97.7406690"><time>2026-01-01T09:13:09Z</time></wpt>
  <wpt lat="32.4481248" lon="-97.7404562"><time>2026-01-01T09:13:10Z</time></wpt>
  <wpt lat="32.4483044" lon="-97.7402433"><time>2026-01-01T09:13:11Z</time></wpt>
  <wpt lat="32.4484841" lon="-97.7400304"><time>2026-01-01T09:13:12Z</time></wpt>
  <wpt lat="32.4486638" lon="-97.7398175"><time>2026-01-01T09:13:13Z</time></wpt>
  <wpt lat="32.4488434" lon="-97.7396046"><time>2026-01-01T09:13:14Z</time></wpt>
  <wpt lat="32.4490231" lon="-97.7393918"><time>2026-01-01T09:13:15Z</time></wpt>
  <wpt lat="32.4492027" lon="-97.7391789"><time>2026-01-01T09:13:16Z</time></wpt>
  <wpt lat="32.4493824" lon="-97.7389660"><time>2026-01-01T09:13:17Z</time></wpt>
  <wpt lat="32.4495621" lon="-97.7387531"><time>2026-01-01T09:13:18Z</time></wpt>
  <wpt lat="32.4497417" lon="-97.7385402"><time>2026-01-01T09:13:19Z</time></wpt>
  <wpt lat="32.4499214" lon="-97.7383274"><time>2026-01-01T09:13:20Z</time></wpt>
  <wpt lat="32.4501011" lon="-97.7381145"><time>2026-01-01T09:13:21Z</time></wpt>
  <wpt lat="32.4502807" lon="-97.7379016"><time>2026-01-01T09:13:22Z</time></wpt>
  <wpt lat="32.4504604" lon="-97.7376887"><time>2026-01-01T09:13:23Z</time></wpt>
  <wpt lat="32.4506400" lon="-97.7374759"><time>2026-01-01T09:13:24Z</time></wpt>
  <wpt lat="32.4508197" lon="-97.7372630"><time>2026-01-01T09:13:25Z</time></wpt>
  <wpt lat="32.4509994" lon="-97.7370501"><time>2026-01-01T09:13:26Z</time></wpt>
  <wpt lat="32.4511790" lon="-97.7368372"><time>2026-01-01T09:13:27Z</time></wpt>
  <wpt lat="32.4513587" lon="-97.7366243"><time>2026-01-01T09:13:28Z</time></wpt>
  <wpt lat="32.4515384" lon="-97.7364115"><time>2026-01-01T09:13:29Z</time></wpt>
  <wpt lat="32.4517180" lon="-97.7361986"><time>2026-01-01T09:13:30Z</time></wpt>
  <wpt lat="32.4518977" lon="-97.7359857"><time>2026-01-01T09:13:31Z</time></wpt>
  <wpt lat="32.4520773" lon="-97.7357728"><time>2026-01-01T09:13:32Z</time></wpt>
  <wpt lat="32.4522570" lon="-97.7355599"><time>2026-01-01T09:13:33Z</time></wpt>
  <wpt lat="32.4524367" lon="-97.7353471"><time>2026-01-01T09:13:34Z</time></wpt>
  <wpt lat="32.4526163" lon="-97.7351342"><time>2026-01-01T09:13:35Z</time></wpt>
  <wpt lat="32.4527960" lon="-97.7349213"><time>2026-01-01T09:13:36Z</time></wpt>
  <wpt lat="32.4529757" lon="-97.7347084"><time>2026-01-01T09:13:37Z</time></wpt>
  <wpt lat="32.4531553" lon="-97.7344955"><time>2026-01-01T09:13:38Z</time></wpt>
  <wpt lat="32.4533350" lon="-97.7342827"><time>2026-01-01T09:13:39Z</time></wpt>
  <wpt lat="32.4535146" lon="-97.7340698"><time>2026-01-01T09:13:40Z</time></wpt>
  <wpt lat="32.4536943" lon="-97.7338569"><time>2026-01-01T09:13:41Z</time></wpt>
  <wpt lat="32.4538740" lon="-97.7336440"><time>2026-01-01T09:13:42Z</time></wpt>
  <wpt lat="32.4540536" lon="-97.7334311"><time>2026-01-01T09:13:43Z</time></wpt>
  <wpt lat="32.4542333" lon="-97.7332183"><time>2026-01-01T09:13:44Z</time></wpt>
  <wpt lat="32.4544130" lon="-97.7330054"><time>2026-01-01T09:13:45Z</time></wpt>
  <wpt lat="32.4545926" lon="-97.7327925"><time>2026-01-01T09:13:46Z</time></wpt>
  <wpt lat="32.4547723" lon="-97.7325796"><time>2026-01-01T09:13:47Z</time></wpt>
  <wpt lat="32.4549519" lon="-97.7323668"><time>2026-01-01T09:13:48Z</time></wpt>
  <wpt lat="32.4551316" lon="-97.7321539"><time>2026-01-01T09:13:49Z</time></wpt>
  <wpt lat="32.4553113" lon="-97.7319410"><time>2026-01-01T09:13:50Z</time></wpt>
  <wpt lat="32.4554909" lon="-97.7317281"><time>2026-01-01T09:13:51Z</time></wpt>
  <wpt lat="32.4556706" lon="-97.7315152"><time>2026-01-01T09:13:52Z</time></wpt>
  <wpt lat="32.4558503" lon="-97.7313024"><time>2026-01-01T09:13:53Z</time></wpt>
  <wpt lat="32.4560299" lon="-97.7310895"><time>2026-01-01T09:13:54Z</time></wpt>
  <wpt lat="32.4562096" lon="-97.7308766"><time>2026-01-01T09:13:55Z</time></wpt>
  <wpt lat="32.4563892" lon="-97.7306637"><time>2026-01-01T09:13:56Z</time></wpt>
  <wpt lat="32.4565689" lon="-97.7304508"><time>2026-01-01T09:13:57Z</time></wpt>
  <wpt lat="32.4567486" lon="-97.7302380"><time>2026-01-01T09:13:58Z</time></wpt>
  <wpt lat="32.4569282" lon="-97.7300251"><time>2026-01-01T09:13:59Z</time></wpt>
  <wpt lat="32.4571079" lon="-97.7298122"><time>2026-01-01T09:14:00Z</time></wpt>
  <wpt lat="32.4572875" lon="-97.7295993"><time>2026-01-01T09:14:01Z</time></wpt>
  <wpt lat="32.4574672" lon="-97.7293864"><time>2026-01-01T09:14:02Z</time></wpt>
  <wpt lat="32.4576469" lon="-97.7291736"><time>2026-01-01T09:14:03Z</time></wpt>
  <wpt lat="32.4578265" lon="-97.7289607"><time>2026-01-01T09:14:04Z</time></wpt>
  <wpt lat="32.4580062" lon="-97.7287478"><time>2026-01-01T09:14:05Z</time></wpt>
  <wpt lat="32.4581859" lon="-97.7285349"><time>2026-01-01T09:14:06Z</time></wpt>
  <wpt lat="32.4583655" lon="-97.7283220"><time>2026-01-01T09:14:07Z</time></wpt>
  <wpt lat="32.4585452" lon="-97.7281092"><time>2026-01-01T09:14:08Z</time></wpt>
  <wpt lat="32.4587248" lon="-97.7278963"><time>2026-01-01T09:14:09Z</time></wpt>
  <wpt lat="32.4589045" lon="-97.7276834"><time>2026-01-01T09:14:10Z</time></wpt>
  <wpt lat="32.4590842" lon="-97.7274705"><time>2026-01-01T09:14:11Z</time></wpt>
  <wpt lat="32.4592638" lon="-97.7272577"><time>2026-01-01T09:14:12Z</time></wpt>
  <wpt lat="32.4594435" lon="-97.7270448"><time>2026-01-01T09:14:13Z</time></wpt>
  <wpt lat="32.4596232" lon="-97.7268319"><time>2026-01-01T09:14:14Z</time></wpt>
  <wpt lat="32.4598028" lon="-97.7266190"><time>2026-01-01T09:14:15Z</time></wpt>
  <wpt lat="32.4599825" lon="-97.7264061"><time>2026-01-01T09:14:16Z</time></wpt>
  <wpt lat="32.4601621" lon="-97.7261933"><time>2026-01-01T09:14:17Z</time></wpt>
  <wpt lat="32.4603418" lon="-97.7259804"><time>2026-01-01T09:14:18Z</time></wpt>
  <wpt lat="32.4605215" lon="-97.7257675"><time>2026-01-01T09:14:19Z</time></wpt>
  <wpt lat="32.4607011" lon="-97.7255546"><time>2026-01-01T09:14:20Z</time></wpt>
  <wpt lat="32.4608808" lon="-97.7253417"><time>2026-01-01T09:14:21Z</time></wpt>
  <wpt lat="32.4610605" lon="-97.7251289"><time>2026-01-01T09:14:22Z</time></wpt>
  <wpt lat="32.4612401" lon="-97.7249160"><time>2026-01-01T09:14:23Z</time></wpt>
  <wpt lat="32.4614198" lon="-97.7247031"><time>2026-01-01T09:14:24Z</time></wpt>
  <wpt lat="32.4615994" lon="-97.7244902"><time>2026-01-01T09:14:25Z</time></wpt>
  <wpt lat="32.4617791" lon="-97.7242773"><time>2026-01-01T09:14:26Z</time></wpt>
  <wpt lat="32.4619588" lon="-97.7240645"><time>2026-01-01T09:14:27Z</time></wpt>
  <wpt lat="32.4621384" lon="-97.7238516"><time>2026-01-01T09:14:28Z</time></wpt>
  <wpt lat="32.4623181" lon="-97.7236387"><time>2026-01-01T09:14:29Z</time></wpt>
  <wpt lat="32.4624978" lon="-97.7234258"><time>2026-01-01T09:14:30Z</time></wpt>
  <wpt lat="32.4626774" lon="-97.7232129"><time>2026-01-01T09:14:31Z</time></wpt>
  <wpt lat="32.4628571" lon="-97.7230001"><time>2026-01-01T09:14:32Z</time></wpt>
  <wpt lat="32.4630367" lon="-97.7227872"><time>2026-01-01T09:14:33Z</time></wpt>
  <wpt lat="32.4632164" lon="-97.7225743"><time>2026-01-01T09:14:34Z</time></wpt>
  <wpt lat="32.4633961" lon="-97.7223614"><time>2026-01-01T09:14:35Z</time></wpt>
  <wpt lat="32.4635757" lon="-97.7221486"><time>2026-01-01T09:14:36Z</time></wpt>
  <wpt lat="32.4637554" lon="-97.7219357"><time>2026-01-01T09:14:37Z</time></wpt>
  <wpt lat="32.4639351" lon="-97.7217228"><time>2026-01-01T09:14:38Z</time></wpt>
  <wpt lat="32.4641147" lon="-97.7215099"><time>2026-01-01T09:14:39Z</time></wpt>
  <wpt lat="32.4642944" lon="-97.7212970"><time>2026-01-01T09:14:40Z</time></wpt>
  <wpt lat="32.4644740" lon="-97.7210842"><time>2026-01-01T09:14:41Z</time></wpt>
  <wpt lat="32.4646537" lon="-97.7208713"><time>2026-01-01T09:14:42Z</time></wpt>
  <wpt lat="32.4648334" lon="-97.7206584"><time>2026-01-01T09:14:43Z</time></wpt>
  <wpt lat="32.4650130" lon="-97.7204455"><time>2026-01-01T09:14:44Z</time></wpt>
  <wpt lat="32.4651927" lon="-97.7202326"><time>2026-01-01T09:14:45Z</time></wpt>
  <wpt lat="32.4653723" lon="-97.7200198"><time>2026-01-01T09:14:46Z</time></wpt>
  <wpt lat="32.4655520" lon="-97.7198069"><time>2026-01-01T09:14:47Z</time></wpt>
  <wpt lat="32.4657317" lon="-97.7195940"><time>2026-01-01T09:14:48Z</time></wpt>
  <wpt lat="32.4659113" lon="-97.7193811"><time>2026-01-01T09:14:49Z</time></wpt>
  <wpt lat="32.4660910" lon="-97.7191682"><time>2026-01-01T09:14:50Z</time></wpt>
  <wpt lat="32.4662707" lon="-97.7189554"><time>2026-01-01T09:14:51Z</time></wpt>
  <wpt lat="32.4664503" lon="-97.7187425"><time>2026-01-01T09:14:52Z</time></wpt>
  <wpt lat="32.4666300" lon="-97.7185296"><time>2026-01-01T09:14:53Z</time></wpt>
  <wpt lat="32.4668096" lon="-97.7183167"><time>2026-01-01T09:14:54Z</time></wpt>
  <wpt lat="32.4669893" lon="-97.7181038"><time>2026-01-01T09:14:55Z</time></wpt>
  <wpt lat="32.4671690" lon="-97.7178910"><time>2026-01-01T09:14:56Z</time></wpt>
  <wpt lat="32.4673486" lon="-97.7176781"><time>2026-01-01T09:14:57Z</time></wpt>
  <wpt lat="32.4675283" lon="-97.7174652"><time>2026-01-01T09:14:58Z</time></wpt>
  <wpt lat="32.4677080" lon="-97.7172523"><time>2026-01-01T09:14:59Z</time></wpt>
  <wpt lat="32.4678876" lon="-97.7170395"><time>2026-01-01T09:15:00Z</time></wpt>
  <wpt lat="32.4680673" lon="-97.7168266"><time>2026-01-01T09:15:01Z</time></wpt>
  <wpt lat="32.4682469" lon="-97.7166137"><time>2026-01-01T09:15:02Z</time></wpt>
  <wpt lat="32.4684266" lon="-97.7164008"><time>2026-01-01T09:15:03Z</time></wpt>
  <wpt lat="32.4686063" lon="-97.7161879"><time>2026-01-01T09:15:04Z</time></wpt>
  <wpt lat="32.4687859" lon="-97.7159751"><time>2026-01-01T09:15:05Z</time></wpt>
  <wpt lat="32.4689656" lon="-97.7157622"><time>2026-01-01T09:15:06Z</time></wpt>
  <wpt lat="32.4691453" lon="-97.7155493"><time>2026-01-01T09:15:07Z</time></wpt>
  <wpt lat="32.4693249" lon="-97.7153364"><time>2026-01-01T09:15:08Z</time></wpt>
  <wpt lat="32.4695046" lon="-97.7151235"><time>2026-01-01T09:15:09Z</time></wpt>
  <wpt lat="32.4696842" lon="-97.7149107"><time>2026-01-01T09:15:10Z</time></wpt>
  <wpt lat="32.4698639" lon="-97.7146978"><time>2026-01-01T09:15:11Z</time></wpt>
  <wpt lat="32.4700436" lon="-97.7144849"><time>2026-01-01T09:15:12Z</time></wpt>
  <wpt lat="32.4702232" lon="-97.7142720"><time>2026-01-01T09:15:13Z</time></wpt>
  <wpt lat="32.4704029" lon="-97.7140591"><time>2026-01-01T09:15:14Z</time></wpt>
  <wpt lat="32.4705826" lon="-97.7138463"><time>2026-01-01T09:15:15Z</time></wpt>
  <wpt lat="32.4707622" lon="-97.7136334"><time>2026-01-01T09:15:16Z</time></wpt>
  <wpt lat="32.4709419" lon="-97.7134205"><time>2026-01-01T09:15:17Z</time></wpt>
  <wpt lat="32.4711215" lon="-97.7132076"><time>2026-01-01T09:15:18Z</time></wpt>
  <wpt lat="32.4713012" lon="-97.7129947"><time>2026-01-01T09:15:19Z</time></wpt>
  <wpt lat="32.4713012" lon="-97.7129947"><time>2026-01-01T09:15:20Z</time></wpt>
  <wpt lat="32.4713012" lon="-97.7129947"><time>2026-01-01T09:15:21Z</time></wpt>
  <wpt lat="32.4713012" lon="-97.7129947"><time>2026-01-01T09:15:22Z</time></wpt>
  <wpt lat="32.4713012" lon="-97.7129947"><time>2026-01-01T09:15:23Z</time></wpt>
  <wpt lat="32.4713012" lon="-97.7129947"><time>2026-01-01T09:15:24Z</time></wpt>
  <wpt lat="32.4713012" lon="-97.7129947"><time>2026-01-01T09:15:25Z</time></wpt>
  <wpt lat="32.4713012" lon="-97.7129947"><time>2026-01-01T09:15:26Z</time></wpt>
  <wpt lat="32.4713012" lon="-97.7129947"><time>2026-01-01T09:15:27Z</time></wpt>
  <wpt lat="32.4713012" lon="-97.7129947"><time>2026-01-01T09:15:28Z</time></wpt>
  <wpt lat="32.4713012" lon="-97.7129947"><time>2026-01-01T09:15:29Z</time></wpt>
  <wpt lat="32.4713012" lon="-97.7129947"><time>2026-01-01T09:15:30Z</time></wpt>
  <wpt lat="32.4713012" lon="-97.7129947"><time>2026-01-01T09:15:31Z</time></wpt>
  <wpt lat="32.4713012" lon="-97.7129947"><time>2026-01-01T09:15:32Z</time></wpt>
  <wpt lat="32.4713012" lon="-97.7129947"><time>2026-01-01T09:15:33Z</time></wpt>
  <wpt lat="32.4713012" lon="-97.7129947"><time>2026-01-01T09:15:34Z</time></wpt>
  <wpt lat="32.4713012" lon="-97.7129947"><time>2026-01-01T09:15:35Z</time></wpt>
  <wpt lat="32.4713012" lon="-97.7129947"><time>2026-01-01T09:15:36Z</time></wpt>
  <wpt lat="32.4713012" lon="-97.7129947"><time>2026-01-01T09:15:37Z</time></wpt>
  <wpt lat="32.4713012" lon="-97.7129947"><time>2026-01-01T09:15:38Z</time></wpt>
  <wpt lat="32.4713012" lon="-97.7129947"><time>2026-01-01T09:15:39Z</time></wpt>
  <wpt lat="32.4713012" lon="-97.7129947"><time>2026-01-01T09:15:40Z</time></wpt>
  <wpt lat="32.4713012" lon="-97.7129947"><time>2026-01-01T09:15:41Z</time></wpt>
  <wpt lat="32.4713012" lon="-97.7129947"><time>2026-01-01T09:15:42Z</time></wpt>
  <wpt lat="32.4713012" lon="-97.7129947"><time>2026-01-01T09:15:43Z</time></wpt>
  <wpt lat="32.4713012" lon="-97.7129947"><time>2026-01-01T09:15:44Z</time></wpt>
  <wpt lat="32.4713012" lon="-97.7129947"><time>2026-01-01T09:15:45Z</time></wpt>
  <wpt lat="32.4713012" lon="-97.7129947"><time>2026-01-01T09:15:46Z</time></wpt>
  <wpt lat="32.4713012" lon="-97.7129947"><time>2026-01-01T09:15:47Z</time></wpt>
  <wpt lat="32.4713012" lon="-97.7129947"><time>2026-01-01T09:15:48Z</time></wpt>
  <wpt lat="32.4713012" lon="-97.7129947"><time>2026-01-01T09:15:49Z</time></wpt>
  <wpt lat="32.4713012" lon="-97.7129947"><time>2026-01-01T09:15:50Z</time></wpt>
  <wpt lat="32.4713012" lon="-97.7129947"><time>2026-01-01T09:15:51Z</time></wpt>
  <wpt lat="32.4713012" lon="-97.7129947"><time>2026-01-01T09:15:52Z</time></wpt>
  <wpt lat="32.4713012" lon="-97.7129947"><time>2026-01-01T09:15:53Z</time></wpt>
  <wpt lat="32.4713012" lon="-97.7129947"><time>2026-01-01T09:15:54Z</time></wpt>
  <wpt lat="32.4713012" lon="-97.7129947"><time>2026-01-01T09:15:55Z</time></wpt>
  <wpt lat="32.4713012" lon="-97.7129947"><time>2026-01-01T09:15:56Z</time></wpt>
  <wpt lat="32.4713012" lon="-97.7129947"><time>2026-01-01T09:15:57Z</time></wpt>
  <wpt lat="32.4713012" lon="-97.7129947"><time>2026-01-01T09:15:58Z</time></wpt>
  <wpt lat="32.4713012" lon="-97.7129947"><time>2026-01-01T09:15:59Z</time></wpt>
  <wpt lat="32.4713012" lon="-97.7129947"><time>2026-01-01T09:16:00Z</time></wpt>
  <wpt lat="32.4713012" lon="-97.7129947"><time>2026-01-01T09:16:01Z</time></wpt>
  <wpt lat="32.4713012" lon="-97.7129947"><time>2026-01-01T09:16:02Z</time></wpt>
  <wpt lat="32.4713012" lon="-97.7129947"><time>2026-01-01T09:16:03Z</time></wpt>
  <wpt lat="32.4713012" lon="-97.7129947"><time>2026-01-01T09:16:04Z</time></wpt>
  <wpt lat="32.4713012" lon="-97.7129947"><time>2026-01-01T09:16:05Z</time></wpt>
  <wpt lat="32.4713012" lon="-97.7129947"><time>2026-01-01T09:16:06Z</time></wpt>
  <wpt lat="32.4713012" lon="-97.7129947"><time>2026-01-01T09:16:07Z</time></wpt>
  <wpt lat="32.4713012" lon="-97.7129947"><time>2026-01-01T09:16:08Z</time></wpt>
  <wpt lat="32.4713012" lon="-97.7129947"><time>2026-01-01T09:16:09Z</time></wpt>
  <wpt lat="32.4713012" lon="-97.7129947"><time>2026-01-01T09:16:10Z</time></wpt>
  <wpt lat="32.4713012" lon="-97.7129947"><time>2026-01-01T09:16:11Z</time></wpt>
  <wpt lat="32.4713012" lon="-97.7129947"><time>2026-01-01T09:16:12Z</time></wpt>
  <wpt lat="32.4713012" lon="-97.7129947"><time>2026-01-01T09:16:13Z</time></wpt>
  <wpt lat="32.4713012" lon="-97.7129947"><time>2026-01-01T09:16:14Z</time></wpt>
  <wpt lat="32.4713012" lon="-97.7129947"><time>2026-01-01T09:16:15Z</time></wpt>
  <wpt lat="32.4713012" lon="-97.7129947"><time>2026-01-01T09:16:16Z</time></wpt>
  <wpt lat="32.4713012" lon="-97.7129947"><time>2026-01-01T09:16:17Z</time></wpt>
  <wpt lat="32.4713012" lon="-97.7129947"><time>2026-01-01T09:16:18Z</time></wpt>
  <wpt lat="32.4713012" lon="-97.7129947"><time>2026-01-01T09:16:19Z</time></wpt>
  <wpt lat="32.4713012" lon="-97.7129947"><time>2026-01-01T09:16:20Z</time></wpt>
  <wpt lat="32.4713012" lon="-97.7129947"><time>2026-01-01T09:16:21Z</time></wpt>
  <wpt lat="32.4713012" lon="-97.7129947"><time>2026-01-01T09:16:22Z</time></wpt>
  <wpt lat="32.4713012" lon="-97.7129947"><time>2026-01-01T09:16:23Z</time></wpt>
  <wpt lat="32.4713012" lon="-97.7129947"><time>2026-01-01T09:16:24Z</time></wpt>
  <wpt lat="32.4713012" lon="-97.7129947"><time>2026-01-01T09:16:25Z</time></wpt>
  <wpt lat="32.4713012" lon="-97.7129947"><time>2026-01-01T09:16:26Z</time></wpt>
  <wpt lat="32.4713012" lon="-97.7129947"><time>2026-01-01T09:16:27Z</time></wpt>
  <wpt lat="32.4713012" lon="-97.7129947"><time>2026-01-01T09:16:28Z</time></wpt>
  <wpt lat="32.4713012" lon="-97.7129947"><time>2026-01-01T09:16:29Z</time></wpt>
  <wpt lat="32.4713012" lon="-97.7129947"><time>2026-01-01T09:16:30Z</time></wpt>
  <wpt lat="32.4713012" lon="-97.7129947"><time>2026-01-01T09:16:31Z</time></wpt>
  <wpt lat="32.4713012" lon="-97.7129947"><time>2026-01-01T09:16:32Z</time></wpt>
  <wpt lat="32.4713012" lon="-97.7129947"><time>2026-01-01T09:16:33Z</time></wpt>
  <wpt lat="32.4713012" lon="-97.7129947"><time>2026-01-01T09:16:34Z</time></wpt>
  <wpt lat="32.4713012" lon="-97.7129947"><time>2026-01-01T09:16:35Z</time></wpt>
  <wpt lat="32.4713012" lon="-97.7129947"><time>2026-01-01T09:16:36Z</time></wpt>
  <wpt lat="32.4713012" lon="-97.7129947"><time>2026-01-01T09:16:37Z</time></wpt>
  <wpt lat="32.4713012" lon="-97.7129947"><time>2026-01-01T09:16:38Z</time></wpt>
  <wpt lat="32.4713012" lon="-97.7129947"><time>2026-01-01T09:16:39Z</time></wpt>
  <wpt lat="32.4713012" lon="-97.7129947"><time>2026-01-01T09:16:40Z</time></wpt>
  <wpt lat="32.4713012" lon="-97.7129947"><time>2026-01-01T09:16:41Z</time></wpt>
  <wpt lat="32.4713012" lon="-97.7129947"><time>2026-01-01T09:16:42Z</time></wpt>
  <wpt lat="32.4713012" lon="-97.7129947"><time>2026-01-01T09:16:43Z</time></wpt>
  <wpt lat="32.4713012" lon="-97.7129947"><time>2026-01-01T09:16:44Z</time></wpt>
  <wpt lat="32.4713012" lon="-97.7129947"><time>2026-01-01T09:16:45Z</time></wpt>
  <wpt lat="32.4713012" lon="-97.7129947"><time>2026-01-01T09:16:46Z</time></wpt>
  <wpt lat="32.4713012" lon="-97.7129947"><time>2026-01-01T09:16:47Z</time></wpt>
  <wpt lat="32.4713012" lon="-97.7129947"><time>2026-01-01T09:16:48Z</time></wpt>
  <wpt lat="32.4713012" lon="-97.7129947"><time>2026-01-01T09:16:49Z</time></wpt>
  <wpt lat="32.4713012" lon="-97.7129947"><time>2026-01-01T09:16:50Z</time></wpt>
  <wpt lat="32.4713012" lon="-97.7129947"><time>2026-01-01T09:16:51Z</time></wpt>
  <wpt lat="32.4713012" lon="-97.7129947"><time>2026-01-01T09:16:52Z</time></wpt>
  <wpt lat="32.4713012" lon="-97.7129947"><time>2026-01-01T09:16:53Z</time></wpt>
  <wpt lat="32.4713012" lon="-97.7129947"><time>2026-01-01T09:16:54Z</time></wpt>
  <wpt lat="32.4713012" lon="-97.7129947"><time>2026-01-01T09:16:55Z</time></wpt>
  <wpt lat="32.4713012" lon="-97.7129947"><time>2026-01-01T09:16:56Z</time></wpt>
  <wpt lat="32.4713012" lon="-97.7129947"><time>2026-01-01T09:16:57Z</time></wpt>
  <wpt lat="32.4713012" lon="-97.7129947"><time>2026-01-01T09:16:58Z</time></wpt>
  <wpt lat="32.4713012" lon="-97.7129947"><time>2026-01-01T09:16:59Z</time></wpt>
  <wpt lat="32.4713012" lon="-97.7129947"><time>2026-01-01T09:17:00Z</time></wpt>
  <wpt lat="32.4713012" lon="-97.7129947"><time>2026-01-01T09:17:01Z</time></wpt>
  <wpt lat="32.4713012" lon="-97.7129947"><time>2026-01-01T09:17:02Z</time></wpt>
  <wpt lat="32.4713012" lon="-97.7129947"><time>2026-01-01T09:17:03Z</time></wpt>
  <wpt lat="32.4713012" lon="-97.7129947"><time>2026-01-01T09:17:04Z</time></wpt>
  <wpt lat="32.4713012" lon="-97.7129947"><time>2026-01-01T09:17:05Z</time></wpt>
  <wpt lat="32.4713012" lon="-97.7129947"><time>2026-01-01T09:17:06Z</time></wpt>
  <wpt lat="32.4713012" lon="-97.7129947"><time>2026-01-01T09:17:07Z</time></wpt>
  <wpt lat="32.4713012" lon="-97.7129947"><time>2026-01-01T09:17:08Z</time></wpt>
  <wpt lat="32.4713012" lon="-97.7129947"><time>2026-01-01T09:17:09Z</time></wpt>
  <wpt lat="32.4713012" lon="-97.7129947"><time>2026-01-01T09:17:10Z</time></wpt>
  <wpt lat="32.4713012" lon="-97.7129947"><time>2026-01-01T09:17:11Z</time></wpt>
  <wpt lat="32.4713012" lon="-97.7129947"><time>2026-01-01T09:17:12Z</time></wpt>
  <wpt lat="32.4713012" lon="-97.7129947"><time>2026-01-01T09:17:13Z</time></wpt>
  <wpt lat="32.4713012" lon="-97.7129947"><time>2026-01-01T09:17:14Z</time></wpt>
  <wpt lat="32.4713012" lon="-97.7129947"><time>2026-01-01T09:17:15Z</time></wpt>
  <wpt lat="32.4713012" lon="-97.7129947"><time>2026-01-01T09:17:16Z</time></wpt>
  <wpt lat="32.4713012" lon="-97.7129947"><time>2026-01-01T09:17:17Z</time></wpt>
  <wpt lat="32.4713012" lon="-97.7129947"><time>2026-01-01T09:17:18Z</time></wpt>
  <wpt lat="32.4713012" lon="-97.7129947"><time>2026-01-01T09:17:19Z</time></wpt>
  <wpt lat="32.4713012" lon="-97.7129947"><time>2026-01-01T09:17:20Z</time></wpt>
  <wpt lat="32.4713012" lon="-97.7129947"><time>2026-01-01T09:17:21Z</time></wpt>
  <wpt lat="32.4713012" lon="-97.7129947"><time>2026-01-01T09:17:22Z</time></wpt>
  <wpt lat="32.4713012" lon="-97.7129947"><time>2026-01-01T09:17:23Z</time></wpt>
  <wpt lat="32.4713012" lon="-97.7129947"><time>2026-01-01T09:17:24Z</time></wpt>
  <wpt lat="32.4713012" lon="-97.7129947"><time>2026-01-01T09:17:25Z</time></wpt>
  <wpt lat="32.4713012" lon="-97.7129947"><time>2026-01-01T09:17:26Z</time></wpt>
  <wpt lat="32.4713012" lon="-97.7129947"><time>2026-01-01T09:17:27Z</time></wpt>
  <wpt lat="32.4713012" lon="-97.7129947"><time>2026-01-01T09:17:28Z</time></wpt>
  <wpt lat="32.4713012" lon="-97.7129947"><time>2026-01-01T09:17:29Z</time></wpt>
  <wpt lat="32.4713012" lon="-97.7129947"><time>2026-01-01T09:17:30Z</time></wpt>
  <wpt lat="32.4713012" lon="-97.7129947"><time>2026-01-01T09:17:31Z</time></wpt>
  <wpt lat="32.4713012" lon="-97.7129947"><time>2026-01-01T09:17:32Z</time></wpt>
  <wpt lat="32.4713012" lon="-97.7129947"><time>2026-01-01T09:17:33Z</time></wpt>
  <wpt lat="32.4713012" lon="-97.7129947"><time>2026-01-01T09:17:34Z</time></wpt>
  <wpt lat="32.4713012" lon="-97.7129947"><time>2026-01-01T09:17:35Z</time></wpt>
  <wpt lat="32.4713012" lon="-97.7129947"><time>2026-01-01T09:17:36Z</time></wpt>
  <wpt lat="32.4713012" lon="-97.7129947"><time>2026-01-01T09:17:37Z</time></wpt>
  <wpt lat="32.4713012" lon="-97.7129947"><time>2026-01-01T09:17:38Z</time></wpt>
  <wpt lat="32.4713012" lon="-97.7129947"><time>2026-01-01T09:17:39Z</time></wpt>
  <wpt lat="32.4713012" lon="-97.7129947"><time>2026-01-01T09:17:40Z</time></wpt>
  <wpt lat="32.4713012" lon="-97.7129947"><time>2026-01-01T09:17:41Z</time></wpt>
  <wpt lat="32.4713012" lon="-97.7129947"><time>2026-01-01T09:17:42Z</time></wpt>
  <wpt lat="32.4713012" lon="-97.7129947"><time>2026-01-01T09:17:43Z</time></wpt>
  <wpt lat="32.4713012" lon="-97.7129947"><time>2026-01-01T09:17:44Z</time></wpt>
  <wpt lat="32.4713012" lon="-97.7129947"><time>2026-01-01T09:17:45Z</time></wpt>
  <wpt lat="32.4713012" lon="-97.7129947"><time>2026-01-01T09:17:46Z</time></wpt>
  <wpt lat="32.4713012" lon="-97.7129947"><time>2026-01-01T09:17:47Z</time></wpt>
  <wpt lat="32.4713012" lon="-97.7129947"><time>2026-01-01T09:17:48Z</time></wpt>
  <wpt lat="32.4713012" lon="-97.7129947"><time>2026-01-01T09:17:49Z</time></wpt>
  <wpt lat="32.4713012" lon="-97.7129947"><time>2026-01-01T09:17:50Z</time></wpt>
  <wpt lat="32.4713012" lon="-97.7129947"><time>2026-01-01T09:17:51Z</time></wpt>
  <wpt lat="32.4713012" lon="-97.7129947"><time>2026-01-01T09:17:52Z</time></wpt>
  <wpt lat="32.4713012" lon="-97.7129947"><time>2026-01-01T09:17:53Z</time></wpt>
  <wpt lat="32.4713012" lon="-97.7129947"><time>2026-01-01T09:17:54Z</time></wpt>
  <wpt lat="32.4713012" lon="-97.7129947"><time>2026-01-01T09:17:55Z</time></wpt>
  <wpt lat="32.4713012" lon="-97.7129947"><time>2026-01-01T09:17:56Z</time></wpt>
  <wpt lat="32.4713012" lon="-97.7129947"><time>2026-01-01T09:17:57Z</time></wpt>
  <wpt lat="32.4713012" lon="-97.7129947"><time>2026-01-01T09:17:58Z</time></wpt>
  <wpt lat="32.4713012" lon="-97.7129947"><time>2026-01-01T09:17:59Z</time></wpt>
  <wpt lat="32.4713012" lon="-97.7129947"><time>2026-01-01T09:18:00Z</time></wpt>
  <wpt lat="32.4713012" lon="-97.7129947"><time>2026-01-01T09:18:01Z</time></wpt>
  <wpt lat="32.4713012" lon="-97.7129947"><time>2026-01-01T09:18:02Z</time></wpt>
  <wpt lat="32.4713012" lon="-97.7129947"><time>2026-01-01T09:18:03Z</time></wpt>
  <wpt lat="32.4713012" lon="-97.7129947"><time>2026-01-01T09:18:04Z</time></wpt>
  <wpt lat="32.4713012" lon="-97.7129947"><time>2026-01-01T09:18:05Z</time></wpt>
  <wpt lat="32.4713012" lon="-97.7129947"><time>2026-01-01T09:18:06Z</time></wpt>
  <wpt lat="32.4713012" lon="-97.7129947"><time>2026-01-01T09:18:07Z</time></wpt>
  <wpt lat="32.4713012" lon="-97.7129947"><time>2026-01-01T09:18:08Z</time></wpt>
  <wpt lat="32.4713012" lon="-97.7129947"><time>2026-01-01T09:18:09Z</time></wpt>
  <wpt lat="32.4713012" lon="-97.7129947"><time>2026-01-01T09:18:10Z</time></wpt>
  <wpt lat="32.4713012" lon="-97.7129947"><time>2026-01-01T09:18:11Z</time></wpt>
  <wpt lat="32.4713012" lon="-97.7129947"><time>2026-01-01T09:18:12Z</time></wpt>
  <wpt lat="32.4713012" lon="-97.7129947"><time>2026-01-01T09:18:13Z</time></wpt>
  <wpt lat="32.4713012" lon="-97.7129947"><time>2026-01-01T09:18:14Z</time></wpt>
  <wpt lat="32.4713012" lon="-97.7129947"><time>2026-01-01T09:18:15Z</time></wpt>
  <wpt lat="32.4713012" lon="-97.7129947"><time>2026-01-01T09:18:16Z</time></wpt>
  <wpt lat="32.4713012" lon="-97.7129947"><time>2026-01-01T09:18:17Z</time></wpt>
  <wpt lat="32.4713012" lon="-97.7129947"><time>2026-01-01T09:18:18Z</time></wpt>
  <wpt lat="32.4713012" lon="-97.7129947"><time>2026-01-01T09:18:19Z</time></wpt>
  <wpt lat="32.4713012" lon="-97.7129947"><time>2026-01-01T09:18:20Z</time></wpt>
  <wpt lat="32.4713012" lon="-97.7129947"><time>2026-01-01T09:18:21Z</time></wpt>
  <wpt lat="32.4713012" lon="-97.7129947"><time>2026-01-01T09:18:22Z</time></wpt>
  <wpt lat="32.4713012" lon="-97.7129947"><time>2026-01-01T09:18:23Z</time></wpt>
  <wpt lat="32.4713012" lon="-97.7129947"><time>2026-01-01T09:18:24Z</time></wpt>
  <wpt lat="32.4713012" lon="-97.7129947"><time>2026-01-01T09:18:25Z</time></wpt>
  <wpt lat="32.4713012" lon="-97.7129947"><time>2026-01-01T09:18:26Z</time></wpt>
  <wpt lat="32.4713012" lon="-97.7129947"><time>2026-01-01T09:18:27Z</time></wpt>
  <wpt lat="32.4713012" lon="-97.7129947"><time>2026-01-01T09:18:28Z</time></wpt>
  <wpt lat="32.4713012" lon="-97.7129947"><time>2026-01-01T09:18:29Z</time></wpt>
  <wpt lat="32.4713012" lon="-97.7129947"><time>2026-01-01T09:18:30Z</time></wpt>
  <wpt lat="32.4713012" lon="-97.7129947"><time>2026-01-01T09:18:31Z</time></wpt>
  <wpt lat="32.4713012" lon="-97.7129947"><time>2026-01-01T09:18:32Z</time></wpt>
  <wpt lat="32.4713012" lon="-97.7129947"><time>2026-01-01T09:18:33Z</time></wpt>
  <wpt lat="32.4713012" lon="-97.7129947"><time>2026-01-01T09:18:34Z</time></wpt>
  <wpt lat="32.4713012" lon="-97.7129947"><time>2026-01-01T09:18:35Z</time></wpt>
  <wpt lat="32.4713012" lon="-97.7129947"><time>2026-01-01T09:18:36Z</time></wpt>
  <wpt lat="32.4713012" lon="-97.7129947"><time>2026-01-01T09:18:37Z</time></wpt>
  <wpt lat="32.4713012" lon="-97.7129947"><time>2026-01-01T09:18:38Z</time></wpt>
  <wpt lat="32.4713012" lon="-97.7129947"><time>2026-01-01T09:18:39Z</time></wpt>
  <wpt lat="32.4713012" lon="-97.7129947"><time>2026-01-01T09:18:40Z</time></wpt>
  <wpt lat="32.4713012" lon="-97.7129947"><time>2026-01-01T09:18:41Z</time></wpt>
  <wpt lat="32.4713012" lon="-97.7129947"><time>2026-01-01T09:18:42Z</time></wpt>
  <wpt lat="32.4713012" lon="-97.7129947"><time>2026-01-01T09:18:43Z</time></wpt>
  <wpt lat="32.4713012" lon="-97.7129947"><time>2026-01-01T09:18:44Z</time></wpt>
  <wpt lat="32.4713012" lon="-97.7129947"><time>2026-01-01T09:18:45Z</time></wpt>
  <wpt lat="32.4713012" lon="-97.7129947"><time>2026-01-01T09:18:46Z</time></wpt>
  <wpt lat="32.4713012" lon="-97.7129947"><time>2026-01-01T09:18:47Z</time></wpt>
  <wpt lat="32.4713012" lon="-97.7129947"><time>2026-01-01T09:18:48Z</time></wpt>
  <wpt lat="32.4713012" lon="-97.7129947"><time>2026-01-01T09:18:49Z</time></wpt>
  <wpt lat="32.4713012" lon="-97.7129947"><time>2026-01-01T09:18:50Z</time></wpt>
  <wpt lat="32.4713012" lon="-97.7129947"><time>2026-01-01T09:18:51Z</time></wpt>
  <wpt lat="32.4713012" lon="-97.7129947"><time>2026-01-01T09:18:52Z</time></wpt>
  <wpt lat="32.4713012" lon="-97.7129947"><time>2026-01-01T09:18:53Z</time></wpt>
  <wpt lat="32.4713012" lon="-97.7129947"><time>2026-01-01T09:18:54Z</time></wpt>
  <wpt lat="32.4713012" lon="-97.7129947"><time>2026-01-01T09:18:55Z</time></wpt>
  <wpt lat="32.4713012" lon="-97.7129947"><time>2026-01-01T09:18:56Z</time></wpt>
  <wpt lat="32.4713012" lon="-97.7129947"><time>2026-01-01T09:18:57Z</time></wpt>
  <wpt lat="32.4713012" lon="-97.7129947"><time>2026-01-01T09:18:58Z</time></wpt>
  <wpt lat="32.4713012" lon="-97.7129947"><time>2026-01-01T09:18:59Z</time></wpt>
  <wpt lat="32.4713012" lon="-97.7129947"><time>2026-01-01T09:19:00Z</time></wpt>
  <wpt lat="32.4713012" lon="-97.7129947"><time>2026-01-01T09:19:01Z</time></wpt>
  <wpt lat="32.4713012" lon="-97.7129947"><time>2026-01-01T09:19:02Z</time></wpt>
  <wpt lat="32.4713012" lon="-97.7129947"><time>2026-01-01T09:19:03Z</time></wpt>
  <wpt lat="32.4713012" lon="-97.7129947"><time>2026-01-01T09:19:04Z</time></wpt>
  <wpt lat="32.4713012" lon="-97.7129947"><time>2026-01-01T09:19:05Z</time></wpt>
  <wpt lat="32.4713012" lon="-97.7129947"><time>2026-01-01T09:19:06Z</time></wpt>
  <wpt lat="32.4713012" lon="-97.7129947"><time>2026-01-01T09:19:07Z</time></wpt>
  <wpt lat="32.4713012" lon="-97.7129947"><time>2026-01-01T09:19:08Z</time></wpt>
  <wpt lat="32.4713012" lon="-97.7129947"><time>2026-01-01T09:19:09Z</time></wpt>
  <wpt lat="32.4713012" lon="-97.7129947"><time>2026-01-01T09:19:10Z</time></wpt>
  <wpt lat="32.4713012" lon="-97.7129947"><time>2026-01-01T09:19:11Z</time></wpt>
  <wpt lat="32.4713012" lon="-97.7129947"><time>2026-01-01T09:19:12Z</time></wpt>
  <wpt lat="32.4713012" lon="-97.7129947"><time>2026-01-01T09:19:13Z</time></wpt>
  <wpt lat="32.4713012" lon="-97.7129947"><time>2026-01-01T09:19:14Z</time></wpt>
  <wpt lat="32.4713012" lon="-97.7129947"><time>2026-01-01T09:19:15Z</time></wpt>
  <wpt lat="32.4713012" lon="-97.7129947"><time>2026-01-01T09:19:16Z</time></wpt>
  <wpt lat="32.4713012" lon="-97.7129947"><time>2026-01-01T09:19:17Z</time></wpt>
  <wpt lat="32.4713012" lon="-97.7129947"><time>2026-01-01T09:19:18Z</time></wpt>
  <wpt lat="32.4713012" lon="-97.7129947"><time>2026-01-01T09:19:19Z</time></wpt>
  <wpt lat="32.4713012" lon="-97.7129947"><time>2026-01-01T09:19:20Z</time></wpt>
  <wpt lat="32.4713012" lon="-97.7129947"><time>2026-01-01T09:19:21Z</time></wpt>
  <wpt lat="32.4713012" lon="-97.7129947"><time>2026-01-01T09:19:22Z</time></wpt>
  <wpt lat="32.4713012" lon="-97.7129947"><time>2026-01-01T09:19:23Z</time></wpt>
  <wpt lat="32.4713012" lon="-97.7129947"><time>2026-01-01T09:19:24Z</time></wpt>
  <wpt lat="32.4713012" lon="-97.7129947"><time>2026-01-01T09:19:25Z</time></wpt>
  <wpt lat="32.4713012" lon="-97.7129947"><time>2026-01-01T09:19:26Z</time></wpt>
  <wpt lat="32.4713012" lon="-97.7129947"><time>2026-01-01T09:19:27Z</time></wpt>
  <wpt lat="32.4713012" lon="-97.7129947"><time>2026-01-01T09:19:28Z</time></wpt>
  <wpt lat="32.4713012" lon="-97.7129947"><time>2026-01-01T09:19:29Z</time></wpt>
  <wpt lat="32.4713012" lon="-97.7129947"><time>2026-01-01T09:19:30Z</time></wpt>
  <wpt lat="32.4713012" lon="-97.7129947"><time>2026-01-01T09:19:31Z</time></wpt>
  <wpt lat="32.4713012" lon="-97.7129947"><time>2026-01-01T09:19:32Z</time></wpt>
  <wpt lat="32.4713012" lon="-97.7129947"><time>2026-01-01T09:19:33Z</time></wpt>
  <wpt lat="32.4713012" lon="-97.7129947"><time>2026-01-01T09:19:34Z</time></wpt>
  <wpt lat="32.4713012" lon="-97.7129947"><time>2026-01-01T09:19:35Z</time></wpt>
  <wpt lat="32.4713012" lon="-97.7129947"><time>2026-01-01T09:19:36Z</time></wpt>
  <wpt lat="32.4713012" lon="-97.7129947"><time>2026-01-01T09:19:37Z</time></wpt>
  <wpt lat="32.4713012" lon="-97.7129947"><time>2026-01-01T09:19:38Z</time></wpt>
  <wpt lat="32.4713012" lon="-97.7129947"><time>2026-01-01T09:19:39Z</time></wpt>
  <wpt lat="32.4713012" lon="-97.7129947"><time>2026-01-01T09:19:40Z</time></wpt>
  <wpt lat="32.4713012" lon="-97.7129947"><time>2026-01-01T09:19:41Z</time></wpt>
  <wpt lat="32.4713012" lon="-97.7129947"><time>2026-01-01T09:19:42Z</time></wpt>
  <wpt lat="32.4713012" lon="-97.7129947"><time>2026-01-01T09:19:43Z</time></wpt>
  <wpt lat="32.4713012" lon="-97.7129947"><time>2026-01-01T09:19:44Z</time></wpt>
  <wpt lat="32.4713012" lon="-97.7129947"><time>2026-01-01T09:19:45Z</time></wpt>
  <wpt lat="32.4713012" lon="-97.7129947"><time>2026-01-01T09:19:46Z</time></wpt>
  <wpt lat="32.4713012" lon="-97.7129947"><time>2026-01-01T09:19:47Z</time></wpt>
  <wpt lat="32.4713012" lon="-97.7129947"><time>2026-01-01T09:19:48Z</time></wpt>
  <wpt lat="32.4713012" lon="-97.7129947"><time>2026-01-01T09:19:49Z</time></wpt>
  <wpt lat="32.4713012" lon="-97.7129947"><time>2026-01-01T09:19:50Z</time></wpt>
  <wpt lat="32.4713012" lon="-97.7129947"><time>2026-01-01T09:19:51Z</time></wpt>
  <wpt lat="32.4713012" lon="-97.7129947"><time>2026-01-01T09:19:52Z</time></wpt>
  <wpt lat="32.4713012" lon="-97.7129947"><time>2026-01-01T09:19:53Z</time></wpt>
  <wpt lat="32.4713012" lon="-97.7129947"><time>2026-01-01T09:19:54Z</time></wpt>
  <wpt lat="32.4713012" lon="-97.7129947"><time>2026-01-01T09:19:55Z</time></wpt>
  <wpt lat="32.4713012" lon="-97.7129947"><time>2026-01-01T09:19:56Z</time></wpt>
  <wpt lat="32.4713012" lon="-97.7129947"><time>2026-01-01T09:19:57Z</time></wpt>
  <wpt lat="32.4713012" lon="-97.7129947"><time>2026-01-01T09:19:58Z</time></wpt>
  <wpt lat="32.4713012" lon="-97.7129947"><time>2026-01-01T09:19:59Z</time></wpt>
  <wpt lat="32.4713012" lon="-97.7129947"><time>2026-01-01T09:20:00Z</time></wpt>
  <wpt lat="32.4713012" lon="-97.7129947"><time>2026-01-01T09:20:01Z</time></wpt>
  <wpt lat="32.4713012" lon="-97.7129947"><time>2026-01-01T09:20:02Z</time></wpt>
  <wpt lat="32.4713012" lon="-97.7129947"><time>2026-01-01T09:20:03Z</time></wpt>
  <wpt lat="32.4713012" lon="-97.7129947"><time>2026-01-01T09:20:04Z</time></wpt>
  <wpt lat="32.4713012" lon="-97.7129947"><time>2026-01-01T09:20:05Z</time></wpt>
  <wpt lat="32.4713012" lon="-97.7129947"><time>2026-01-01T09:20:06Z</time></wpt>
  <wpt lat="32.4713012" lon="-97.7129947"><time>2026-01-01T09:20:07Z</time></wpt>
  <wpt lat="32.4713012" lon="-97.7129947"><time>2026-01-01T09:20:08Z</time></wpt>
  <wpt lat="32.4713012" lon="-97.7129947"><time>2026-01-01T09:20:09Z</time></wpt>
  <wpt lat="32.4713012" lon="-97.7129947"><time>2026-01-01T09:20:10Z</time></wpt>
  <wpt lat="32.4713012" lon="-97.7129947"><time>2026-01-01T09:20:11Z</time></wpt>
  <wpt lat="32.4713012" lon="-97.7129947"><time>2026-01-01T09:20:12Z</time></wpt>
  <wpt lat="32.4713012" lon="-97.7129947"><time>2026-01-01T09:20:13Z</time></wpt>
  <wpt lat="32.4713012" lon="-97.7129947"><time>2026-01-01T09:20:14Z</time></wpt>
  <wpt lat="32.4713012" lon="-97.7129947"><time>2026-01-01T09:20:15Z</time></wpt>
  <wpt lat="32.4713012" lon="-97.7129947"><time>2026-01-01T09:20:16Z</time></wpt>
  <wpt lat="32.4713012" lon="-97.7129947"><time>2026-01-01T09:20:17Z</time></wpt>
  <wpt lat="32.4713012" lon="-97.7129947"><time>2026-01-01T09:20:18Z</time></wpt>
  <wpt lat="32.4713012" lon="-97.7129947"><time>2026-01-01T09:20:19Z</time></wpt>
  <wpt lat="32.4713012" lon="-97.7129947"><time>2026-01-01T09:20:20Z</time></wpt>
  <wpt lat="32.4713012" lon="-97.7129947"><time>2026-01-01T09:20:21Z</time></wpt>
  <wpt lat="32.4713012" lon="-97.7129947"><time>2026-01-01T09:20:22Z</time></wpt>
  <wpt lat="32.4713012" lon="-97.7129947"><time>2026-01-01T09:20:23Z</time></wpt>
  <wpt lat="32.4713012" lon="-97.7129947"><time>2026-01-01T09:20:24Z</time></wpt>
  <wpt lat="32.4713012" lon="-97.7129947"><time>2026-01-01T09:20:25Z</time></wpt>
  <wpt lat="32.4713012" lon="-97.7129947"><time>2026-01-01T09:20:26Z</time></wpt>
  <wpt lat="32.4713012" lon="-97.7129947"><time>2026-01-01T09:20:27Z</time></wpt>
  <wpt lat="32.4713012" lon="-97.7129947"><time>2026-01-01T09:20:28Z</time></wpt>
  <wpt lat="32.4713012" lon="-97.7129947"><time>2026-01-01T09:20:29Z</time></wpt>
  <wpt lat="32.4713012" lon="-97.7129947"><time>2026-01-01T09:20:30Z</time></wpt>
  <wpt lat="32.4713012" lon="-97.7129947"><time>2026-01-01T09:20:31Z</time></wpt>
  <wpt lat="32.4713012" lon="-97.7129947"><time>2026-01-01T09:20:32Z</time></wpt>
  <wpt lat="32.4713012" lon="-97.7129947"><time>2026-01-01T09:20:33Z</time></wpt>
  <wpt lat="32.4713012" lon="-97.7129947"><time>2026-01-01T09:20:34Z</time></wpt>
  <wpt lat="32.4713012" lon="-97.7129947"><time>2026-01-01T09:20:35Z</time></wpt>
  <wpt lat="32.4713012" lon="-97.7129947"><time>2026-01-01T09:20:36Z</time></wpt>
  <wpt lat="32.4713012" lon="-97.7129947"><time>2026-01-01T09:20:37Z</time></wpt>
  <wpt lat="32.4713012" lon="-97.7129947"><time>2026-01-01T09:20:38Z</time></wpt>
  <wpt lat="32.4713012" lon="-97.7129947"><time>2026-01-01T09:20:39Z</time></wpt>
  <wpt lat="32.4713012" lon="-97.7129947"><time>2026-01-01T09:20:40Z</time></wpt>
  <wpt lat="32.4713012" lon="-97.7129947"><time>2026-01-01T09:20:41Z</time></wpt>
  <wpt lat="32.4713012" lon="-97.7129947"><time>2026-01-01T09:20:42Z</time></wpt>
  <wpt lat="32.4713012" lon="-97.7129947"><time>2026-01-01T09:20:43Z</time></wpt>
  <wpt lat="32.4713012" lon="-97.7129947"><time>2026-01-01T09:20:44Z</time></wpt>
  <wpt lat="32.4713012" lon="-97.7129947"><time>2026-01-01T09:20:45Z</time></wpt>
  <wpt lat="32.4713012" lon="-97.7129947"><time>2026-01-01T09:20:46Z</time></wpt>
  <wpt lat="32.4713012" lon="-97.7129947"><time>2026-01-01T09:20:47Z</time></wpt>
  <wpt lat="32.4713012" lon="-97.7129947"><time>2026-01-01T09:20:48Z</time></wpt>
  <wpt lat="32.4713012" lon="-97.7129947"><time>2026-01-01T09:20:49Z</time></wpt>
  <wpt lat="32.4713012" lon="-97.7129947"><time>2026-01-01T09:20:50Z</time></wpt>
  <wpt lat="32.4713012" lon="-97.7129947"><time>2026-01-01T09:20:51Z</time></wpt>
  <wpt lat="32.4713012" lon="-97.7129947"><time>2026-01-01T09:20:52Z</time></wpt>
  <wpt lat="32.4713012" lon="-97.7129947"><time>2026-01-01T09:20:53Z</time></wpt>
  <wpt lat="32.4713012" lon="-97.7129947"><time>2026-01-01T09:20:54Z</time></wpt>
  <wpt lat="32.4713012" lon="-97.7129947"><time>2026-01-01T09:20:55Z</time></wpt>
  <wpt lat="32.4713012" lon="-97.7129947"><time>2026-01-01T09:20:56Z</time></wpt>
  <wpt lat="32.4713012" lon="-97.7129947"><time>2026-01-01T09:20:57Z</time></wpt>
  <wpt lat="32.4713012" lon="-97.7129947"><time>2026-01-01T09:20:58Z</time></wpt>
  <wpt lat="32.4713012" lon="-97.7129947"><time>2026-01-01T09:20:59Z</time></wpt>
  <wpt lat="32.4713012" lon="-97.7129947"><time>2026-01-01T09:21:00Z</time></wpt>
  <wpt lat="32.4713012" lon="-97.7129947"><time>2026-01-01T09:21:01Z</time></wpt>
  <wpt lat="32.4713012" lon="-97.7129947"><time>2026-01-01T09:21:02Z</time></wpt>
  <wpt lat="32.4713012" lon="-97.7129947"><time>2026-01-01T09:21:03Z</time></wpt>
  <wpt lat="32.4713012" lon="-97.7129947"><time>2026-01-01T09:21:04Z</time></wpt>
  <wpt lat="32.4713012" lon="-97.7129947"><time>2026-01-01T09:21:05Z</time></wpt>
  <wpt lat="32.4713012" lon="-97.7129947"><time>2026-01-01T09:21:06Z</time></wpt>
  <wpt lat="32.4713012" lon="-97.7129947"><time>2026-01-01T09:21:07Z</time></wpt>
  <wpt lat="32.4713012" lon="-97.7129947"><time>2026-01-01T09:21:08Z</time></wpt>
  <wpt lat="32.4713012" lon="-97.7129947"><time>2026-01-01T09:21:09Z</time></wpt>
  <wpt lat="32.4713012" lon="-97.7129947"><time>2026-01-01T09:21:10Z</time></wpt>
  <wpt lat="32.4713012" lon="-97.7129947"><time>2026-01-01T09:21:11Z</time></wpt>
  <wpt lat="32.4713012" lon="-97.7129947"><time>2026-01-01T09:21:12Z</time></wpt>
  <wpt lat="32.4713012" lon="-97.7129947"><time>2026-01-01T09:21:13Z</time></wpt>
  <wpt lat="32.4713012" lon="-97.7129947"><time>2026-01-01T09:21:14Z</time></wpt>
  <wpt lat="32.4713012" lon="-97.7129947"><time>2026-01-01T09:21:15Z</time></wpt>
  <wpt lat="32.4713012" lon="-97.7129947"><time>2026-01-01T09:21:16Z</time></wpt>
  <wpt lat="32.4713012" lon="-97.7129947"><time>2026-01-01T09:21:17Z</time></wpt>
  <wpt lat="32.4713012" lon="-97.7129947"><time>2026-01-01T09:21:18Z</time></wpt>
  <wpt lat="32.4713012" lon="-97.7129947"><time>2026-01-01T09:21:19Z</time></wpt>
  <wpt lat="32.4713012" lon="-97.7129947"><time>2026-01-01T09:21:20Z</time></wpt>
  <wpt lat="32.4713012" lon="-97.7129947"><time>2026-01-01T09:21:21Z</time></wpt>
  <wpt lat="32.4713012" lon="-97.7129947"><time>2026-01-01T09:21:22Z</time></wpt>
  <wpt lat="32.4713012" lon="-97.7129947"><time>2026-01-01T09:21:23Z</time></wpt>
  <wpt lat="32.4713012" lon="-97.7129947"><time>2026-01-01T09:21:24Z</time></wpt>
  <wpt lat="32.4713012" lon="-97.7129947"><time>2026-01-01T09:21:25Z</time></wpt>
  <wpt lat="32.4713012" lon="-97.7129947"><time>2026-01-01T09:21:26Z</time></wpt>
  <wpt lat="32.4713012" lon="-97.7129947"><time>2026-01-01T09:21:27Z</time></wpt>
  <wpt lat="32.4713012" lon="-97.7129947"><time>2026-01-01T09:21:28Z</time></wpt>
  <wpt lat="32.4713012" lon="-97.7129947"><time>2026-01-01T09:21:29Z</time></wpt>
  <wpt lat="32.4713012" lon="-97.7129947"><time>2026-01-01T09:21:30Z</time></wpt>
  <wpt lat="32.4713012" lon="-97.7129947"><time>2026-01-01T09:21:31Z</time></wpt>
  <wpt lat="32.4713012" lon="-97.7129947"><time>2026-01-01T09:21:32Z</time></wpt>
  <wpt lat="32.4713012" lon="-97.7129947"><time>2026-01-01T09:21:33Z</time></wpt>
  <wpt lat="32.4713012" lon="-97.7129947"><time>2026-01-01T09:21:34Z</time></wpt>
  <wpt lat="32.4713012" lon="-97.7129947"><time>2026-01-01T09:21:35Z</time></wpt>
  <wpt lat="32.4713012" lon="-97.7129947"><time>2026-01-01T09:21:36Z</time></wpt>
  <wpt lat="32.4713012" lon="-97.7129947"><time>2026-01-01T09:21:37Z</time></wpt>
  <wpt lat="32.4713012" lon="-97.7129947"><time>2026-01-01T09:21:38Z</time></wpt>
  <wpt lat="32.4713012" lon="-97.7129947"><time>2026-01-01T09:21:39Z</time></wpt>
  <wpt lat="32.4713012" lon="-97.7129947"><time>2026-01-01T09:21:40Z</time></wpt>
  <wpt lat="32.4713012" lon="-97.7129947"><time>2026-01-01T09:21:41Z</time></wpt>
  <wpt lat="32.4713012" lon="-97.7129947"><time>2026-01-01T09:21:42Z</time></wpt>
  <wpt lat="32.4713012" lon="-97.7129947"><time>2026-01-01T09:21:43Z</time></wpt>
  <wpt lat="32.4713012" lon="-97.7129947"><time>2026-01-01T09:21:44Z</time></wpt>
  <wpt lat="32.4713012" lon="-97.7129947"><time>2026-01-01T09:21:45Z</time></wpt>
  <wpt lat="32.4713012" lon="-97.7129947"><time>2026-01-01T09:21:46Z</time></wpt>
  <wpt lat="32.4713012" lon="-97.7129947"><time>2026-01-01T09:21:47Z</time></wpt>
  <wpt lat="32.4713012" lon="-97.7129947"><time>2026-01-01T09:21:48Z</time></wpt>
  <wpt lat="32.4713012" lon="-97.7129947"><time>2026-01-01T09:21:49Z</time></wpt>
  <wpt lat="32.4713012" lon="-97.7129947"><time>2026-01-01T09:21:50Z</time></wpt>
  <wpt lat="32.4713012" lon="-97.7129947"><time>2026-01-01T09:21:51Z</time></wpt>
  <wpt lat="32.4713012" lon="-97.7129947"><time>2026-01-01T09:21:52Z</time></wpt>
  <wpt lat="32.4713012" lon="-97.7129947"><time>2026-01-01T09:21:53Z</time></wpt>
  <wpt lat="32.4713012" lon="-97.7129947"><time>2026-01-01T09:21:54Z</time></wpt>
  <wpt lat="32.4713012" lon="-97.7129947"><time>2026-01-01T09:21:55Z</time></wpt>
  <wpt lat="32.4713012" lon="-97.7129947"><time>2026-01-01T09:21:56Z</time></wpt>
  <wpt lat="32.4713012" lon="-97.7129947"><time>2026-01-01T09:21:57Z</time></wpt>
  <wpt lat="32.4713012" lon="-97.7129947"><time>2026-01-01T09:21:58Z</time></wpt>
  <wpt lat="32.4713012" lon="-97.7129947"><time>2026-01-01T09:21:59Z</time></wpt>
  <wpt lat="32.4713012" lon="-97.7129947"><time>2026-01-01T09:22:00Z</time></wpt>
  <wpt lat="32.4713012" lon="-97.7129947"><time>2026-01-01T09:22:01Z</time></wpt>
  <wpt lat="32.4713012" lon="-97.7129947"><time>2026-01-01T09:22:02Z</time></wpt>
  <wpt lat="32.4713012" lon="-97.7129947"><time>2026-01-01T09:22:03Z</time></wpt>
  <wpt lat="32.4713012" lon="-97.7129947"><time>2026-01-01T09:22:04Z</time></wpt>
  <wpt lat="32.4713012" lon="-97.7129947"><time>2026-01-01T09:22:05Z</time></wpt>
  <wpt lat="32.4713012" lon="-97.7129947"><time>2026-01-01T09:22:06Z</time></wpt>
  <wpt lat="32.4713012" lon="-97.7129947"><time>2026-01-01T09:22:07Z</time></wpt>
  <wpt lat="32.4713012" lon="-97.7129947"><time>2026-01-01T09:22:08Z</time></wpt>
  <wpt lat="32.4713012" lon="-97.7129947"><time>2026-01-01T09:22:09Z</time></wpt>
  <wpt lat="32.4713012" lon="-97.7129947"><time>2026-01-01T09:22:10Z</time></wpt>
  <wpt lat="32.4713012" lon="-97.7129947"><time>2026-01-01T09:22:11Z</time></wpt>
  <wpt lat="32.4713012" lon="-97.7129947"><time>2026-01-01T09:22:12Z</time></wpt>
  <wpt lat="32.4713012" lon="-97.7129947"><time>2026-01-01T09:22:13Z</time></wpt>
  <wpt lat="32.4713012" lon="-97.7129947"><time>2026-01-01T09:22:14Z</time></wpt>
  <wpt lat="32.4713012" lon="-97.7129947"><time>2026-01-01T09:22:15Z</time></wpt>
  <wpt lat="32.4713012" lon="-97.7129947"><time>2026-01-01T09:22:16Z</time></wpt>
  <wpt lat="32.4713012" lon="-97.7129947"><time>2026-01-01T09:22:17Z</time></wpt>
  <wpt lat="32.4713012" lon="-97.7129947"><time>2026-01-01T09:22:18Z</time></wpt>
  <wpt lat="32.4713012" lon="-97.7129947"><time>2026-01-01T09:22:19Z</time></wpt>
</gpx>
